scheduler,seq_cfg_id,page_size,head_dim,num_kv_heads,num_qo_heads,time_ms,memory_MB,bandwidth_GB_s
BatchPrefillWithPagedKVCacheWrapper,1,1,64,8,32,2.912697277571026,4096.9921875,1373.6301962838997
BatchPrefillWithPagedKVCacheWrapper,1,1,64,8,64,3.6022352554180004,4113.984375,1115.2971922553522
BatchPrefillWithPagedKVCacheWrapper,1,1,128,8,32,4.708440715616399,8193.984375,1699.4878664758496
BatchPrefillWithPagedKVCacheWrapper,1,1,128,8,64,6.028811286477482,8227.96875,1332.7877338679552
BatchAttentionWrapper,1,1,64,8,32,2.058401425679525,4096.9921875,1943.7262737926146
BatchAttentionWrapper,1,1,64,8,64,2.69985921723502,4113.984375,1488.0638370194
BatchAttentionWrapper,1,1,128,8,32,3.82094269990921,8193.984375,2094.231317941793
BatchAttentionWrapper,1,1,128,8,64,4.943339824676514,8227.96875,1625.4447433113066
