scheduler,seq_cfg_id,page_size,head_dim,num_kv_heads,num_qo_heads,time_ms,memory_MB,bandwidth_GB_s
BatchPrefillWithPagedKVCacheWrapper,1,1,64,8,32,2.9133056163787843,4096.9921875,1373.3433631582536
BatchPrefillWithPagedKVCacheWrapper,1,1,64,8,64,3.6314030702297506,4113.984375,1106.3390068557592
BatchPrefillWithPagedKVCacheWrapper,1,1,128,8,32,4.699932983943394,8193.984375,1702.5642479474368
BatchPrefillWithPagedKVCacheWrapper,1,1,128,8,64,6.012099742889404,8227.96875,1336.4924196284555
BatchAttentionWrapper (flipped),1,1,64,8,32,1.7816652357578278,4096.9921875,2245.634506868326
BatchAttentionWrapper (flipped),1,1,64,8,64,2.289041158629627,4113.984375,1755.1291513762553
BatchAttentionWrapper (flipped),1,1,128,8,32,3.319748409863176,8193.984375,2410.4049097325237
BatchAttentionWrapper (flipped),1,1,128,8,64,4.395936012268066,8227.96875,1827.8532057786215
