decode_kv_len,decode_qo_len,prefill_kv_len,prefill_qo_len,decode_time_ms,prefill_time_ms,sm_time,sm_time_pred,abs_err_ms,rel_err_pct
0,0,2048,2048,0.0,0.232192,0.232192,0.24390765398689543,0.011715653986895419,5.0456751252822745
0,0,2048,2048,0.0,0.232288,0.232288,0.24390765398689543,0.011619653986895434,5.0022618417203795
0,0,2048,2048,0.0,0.210208,0.210208,0.24390765398689543,0.03369965398689542,16.031575385758593
0,0,2048,2048,0.0,0.18928,0.18928,0.24390765398689543,0.054627653986895425,28.86076394066749
0,0,7088,8192,0.0,0.222752,0.222752,0.2439255006908499,0.02117350069084989,9.505414402945828
0,0,7088,8192,0.0,0.221408,0.221408,0.2439255006908499,0.0225175006908499,10.17013869907587
0,0,8192,8192,0.0,0.247104,0.247104,0.24392844626334723,0.003175553736652764,1.2851081879098534
0,0,8192,8192,0.0,0.245696,0.245696,0.24392844626334723,0.0017675537366527716,0.7194068021672195
0,0,12004,8192,0.0,0.313344,0.313344,0.24393884240157312,0.06940515759842689,22.14982817556005
0,0,12004,8192,0.0,0.311712,0.311712,0.24393884240157312,0.06777315759842686,21.742235652919
0,0,9552,32768,0.0,0.099616,0.099616,0.24401022921739096,0.14439422921739098,144.95084044469863
0,0,9552,32768,0.0,0.125312,0.125312,0.24401022921739096,0.11869822921739095,94.72215687036433
0,0,32768,32768,0.0,0.206432,0.206432,0.24426112268657602,0.03782912268657601,18.32522219741901
0,0,32768,32768,0.0,0.207744,0.207744,0.24426112268657602,0.036517122686576,17.57794337577788
0,0,32768,32768,0.0,0.17296,0.17296,0.24426112268657602,0.07130112268657601,41.22405335717855
0,0,32768,32768,0.0,0.20544,0.20544,0.24426112268657602,0.038821122686576004,18.89657451644081
0,0,32768,32768,0.0,0.330176,0.330176,0.24426112268657602,0.08591487731342401,26.02093347591103
0,0,32768,32768,0.0,0.30624,0.30624,0.24426112268657602,0.061978877313424,20.238661609660394
0,0,20256,131072,0.0,0.073024,0.073024,0.24478508805316138,0.17176108805316137,235.2118317993555
0,0,39408,131072,0.0,0.106816,0.106816,0.24561400680770645,0.13879800680770646,129.94121368306853
0,0,39408,131072,0.0,0.106976,0.106976,0.24561400680770645,0.13863800680770644,129.59729921450273
0,0,131072,131072,0.0,0.336544,0.336544,0.24958394545823673,0.08696005454176328,25.83913382552156
0,0,131072,131072,0.0,0.350496,0.350496,0.24958394545823673,0.10091205454176325,28.791214319639387
0,0,131072,131072,0.0,0.326688,0.326688,0.24958394545823673,0.07710405454176325,23.60174066441475
0,0,131072,131072,0.0,0.335456,0.335456,0.24958394545823673,0.08587205454176325,25.59860444939523
0,0,131072,131072,0.0,0.344384,0.344384,0.24958394545823673,0.0948000545417633,27.527427099331938
0,0,131072,131072,0.0,0.342176,0.342176,0.24958394545823673,0.09259205454176325,27.059774660339492
0,0,131072,131072,0.0,0.334944,0.334944,0.24958394545823673,0.08536005454176329,25.484873453999263
0,0,131072,131072,0.0,0.33248,0.33248,0.24958394545823673,0.08289605454176327,24.93264393099232
0,0,131072,131072,0.0,0.305184,0.305184,0.24958394545823673,0.05560005454176328,18.218535225229136
4096,1,6144,6144,0.111968,0.164448,0.276416,0.34420377792305645,0.06778777792305646,24.52382565519234
4096,1,6144,6144,0.111872,0.1688,0.280672,0.34420377792305645,0.06353177792305648,22.63559525818624
4096,1,6144,6144,0.111808,0.168064,0.279872,0.34420377792305645,0.06433177792305644,22.98614292357093
4096,1,8192,8192,0.060832,0.206368,0.2672,0.3446369381321319,0.07743693813213193,28.980890019510454
4096,1,8192,8192,0.112288,0.10384,0.216128,0.3446369381321319,0.12850893813213193,59.45964342062664
4096,1,131072,131072,0.053728,0.333088,0.386816,0.4053375119633635,0.01852151196336349,4.7881969627325365
4096,2,2048,2048,0.095168,0.160512,0.25568,0.34615473662804197,0.09047473662804195,35.38592640333305
4096,2,2048,2048,0.099104,0.158304,0.2574079999999999,0.34615473662804197,0.08874673662804206,34.477070109725446
4096,2,32768,32768,0.100416,0.234464,0.33488,0.3556404899571241,0.020760489957124095,6.199381855328504
4096,4,0,0,0.03296,0.0,0.03296,0.2329302136354594,0.19997021363545942,606.7057452532142
4096,4,0,0,0.033408,0.0,0.033408,0.2329302136354594,0.1995222136354594,597.2288482862172
4096,4,256,256,0.050656,0.070912,0.121568,0.33999136578973466,0.21842336578973465,179.6717604877391
4096,4,256,256,0.050656,0.068896,0.1195519999999999,0.33999136578973466,0.22043936578973478,184.3878528085979
4096,4,512,512,0.056896,0.103968,0.160864,0.3508565982511769,0.18999259825117687,118.10759290529693
4096,4,2048,2048,0.045248,0.163904,0.209152,0.34615473662804197,0.13700273662804197,65.50390941900721
4096,4,2048,2048,0.050944,0.15856,0.209504,0.34615473662804197,0.13665073662804197,65.22583656065851
4096,4,8192,8192,0.04592,0.161824,0.2077439999999999,0.3446369381321319,0.13689293813213202,65.89501411936426
4096,4,8192,8192,0.046304,0.157632,0.203936,0.3446369381321319,0.14070093813213191,68.99269287037694
4864,19,122880,122880,0.021312,0.299488,0.3208,0.403889049858171,0.083089049858171,25.90057663908074
5120,5,0,0,0.050656,0.0,0.050656,0.23178594901989658,0.18112994901989657,357.5685980335924
5120,5,0,0,0.050464,0.0,0.050464,0.23178594901989658,0.18132194901989657,359.30950582573035
5120,5,256,256,0.048864,0.073152,0.1220159999999999,0.3381182412128694,0.21610224121286947,177.10975709158606
5120,5,1024,1024,0.046432,0.1008,0.147232,0.34940120946213504,0.20216920946213504,137.31336221890285
5120,5,1024,1024,0.046432,0.1008,0.147232,0.34940120946213504,0.20216920946213504,137.31336221890285
5120,5,2048,2048,0.05376,0.151296,0.205056,0.3462669604190254,0.1412109604190254,68.86458353768015
5120,5,2048,2048,0.048608,0.147392,0.196,0.3462669604190254,0.15026696041902537,76.66681654031906
5120,5,8192,8192,0.04752,0.128576,0.176096,0.3430987209011228,0.1670027209011228,94.83618077703231
5120,5,8192,8192,0.047712,0.127488,0.1752,0.3430987209011228,0.16789872090112282,95.83260325406555
5120,20,122880,122880,0.007264,0.293312,0.300576,0.4060665032680918,0.10549050326809178,35.09611654559638
5376,21,122880,122880,0.009152,0.331648,0.3408,0.4082055948604961,0.06740559486049613,19.7786369895822
5632,22,122880,122880,0.008288,0.330912,0.3392,0.41030674405480716,0.07110674405480716,20.963073129365316
6144,3,1024,1024,0.09664,0.0552,0.15184,0.3502202983174225,0.19838029831742252,130.65088139977775
6144,3,1024,1024,0.055168,0.117728,0.172896,0.3502202983174225,0.17732429831742252,102.5612497208857
6144,3,2048,2048,0.067104,0.119936,0.1870399999999999,0.34659084479241287,0.15955084479241297,85.30306073161519
6144,3,2048,2048,0.067072,0.119264,0.186336,0.34659084479241287,0.16025484479241286,86.00315816182213
6144,3,32768,32768,0.098592,0.193632,0.292224,0.3554358812240216,0.0632118812240216,21.63131064663464
6144,6,0,0,0.037376,0.0,0.037376,0.23064168440433375,0.19326568440433375,517.0849860989238
6144,6,0,0,0.03792,0.0,0.03792,0.23064168440433375,0.19272168440433374,508.2322900958168
6144,6,0,0,0.084064,0.0,0.084064,0.23064168440433375,0.14657768440433375,174.36439427618689
6144,6,0,0,0.08272,0.0,0.08272,0.23064168440433375,0.14792168440433373,178.82215232632223
6144,6,512,512,0.04992,0.09616,0.14608,0.3438370023459436,0.19775700234594362,135.37582307361967
6144,6,512,512,0.083008,0.000256,0.083264,0.3438370023459436,0.2605730023459436,312.9479755307739
6144,6,1024,1024,0.0352,0.11472,0.14992,0.3502202983174225,0.20030029831742252,133.60478809860095
6144,6,1024,1024,0.064992,0.0,0.064992,0.3502202983174225,0.2852282983174225,438.86678101523654
6144,6,1024,1024,0.05728,0.00032,0.0576,0.3502202983174225,0.29262029831742253,508.02135124552524
6144,6,2048,2048,0.059072,0.0832,0.142272,0.34659084479241287,0.20431884479241286,143.61142374635406
6144,6,2048,2048,0.020928,0.102848,0.123776,0.34659084479241287,0.22281484479241287,180.0145785874587
6144,6,6144,6144,0.047872,0.152064,0.199936,0.34180653891685986,0.14187053891685986,70.95797601075337
6144,6,6144,6144,0.047904,0.17568,0.223584,0.34180653891685986,0.11822253891685985,52.87611766354473
6144,6,8192,8192,0.039392,0.156416,0.195808,0.34168590508983354,0.14587790508983353,74.50048266150185
6144,12,0,0,0.024576,0.0,0.024576,0.23064168440433375,0.20606568440433376,838.4834163587799
6144,12,0,0,0.024448,0.0,0.024448,0.23064168440433375,0.20619368440433375,843.3969420988783
6144,12,256,256,0.019072,0.061696,0.080768,0.3364570394467006,0.2556890394467006,316.57220612953216
6144,12,256,256,0.034432,0.019456,0.053888,0.3364570394467006,0.2825690394467006,524.3635678568523
6144,12,512,512,0.02352,0.0768,0.1003199999999999,0.3438370023459436,0.2435170023459437,242.740233598429
6400,25,1024,1024,0.015744,0.095328,0.111072,0.3512814563783202,0.2402094563783202,216.26463589232227
6656,13,0,0,0.025024,0.0,0.025024,0.2300695520965521,0.20504555209655212,819.3955886211322
6656,13,0,0,0.021888,0.0,0.021888,0.2300695520965521,0.20818155209655212,951.121857166265
6656,13,256,256,0.01728,0.059744,0.077024,0.33567921668313283,0.25865521668313285,335.8111973970877
6656,26,512,512,0.02144,0.031072,0.052512,0.31757065590902833,0.26505865590902833,504.75825698702835
6656,26,1024,1024,0.017792,0.08592,0.103712,0.3517230009084775,0.24801100090847752,239.134334414993
6912,27,512,512,0.00864,0.075104,0.083744,0.3164073371456131,0.2326633371456131,277.8268737409404
6912,27,1024,1024,0.012992,0.076768,0.08976,0.3521713964731248,0.2624113964731248,292.3478124700588
7168,7,0,0,0.035392,0.0,0.035392,0.2294974197887707,0.1941054197887707,548.444337106608
7168,7,0,0,0.03152,0.0,0.03152,0.2294974197887707,0.1979774197887707,628.100951106506
7168,7,512,512,0.034048,0.064992,0.0990399999999999,0.34103063481474827,0.24199063481474836,244.33626293896262
7168,7,6144,6144,0.03936,0.18288,0.22224,0.3409122643572373,0.11867226435723732,53.39824710098872
7168,7,6144,6144,0.040544,0.182592,0.223136,0.3409122643572373,0.11777626435723731,52.78227823266408
7168,7,122880,122880,0.020224,0.342496,0.36272,0.42943089862749884,0.06671089862749885,18.391844570880803
7168,14,0,0,0.030016,0.0,0.030016,0.2294974197887707,0.1994814197887707,664.583621364508
7168,14,0,0,0.019296,0.0,0.019296,0.2294974197887707,0.2102014197887707,1089.3522999003455
7168,28,0,0,0.010624,0.0,0.010624,0.22148756747937837,0.21086356747937837,1984.7850854610165
7168,28,512,512,0.011872,0.053184,0.065056,0.3152769238009432,0.2502209238009432,384.62389910376163
7424,29,0,0,0.01616,0.0,0.01616,0.22091543517159717,0.20475543517159717,1267.0509602202794
7424,29,512,512,0.008896,0.046912,0.055808,0.314176840877205,0.25836884087720496,462.96022232870723
7680,30,0,0,0.0152,0.0,0.0152,0.22034330286381554,0.20514330286381555,1349.6269925251022
8192,1,256,256,0.148352,0.14944,0.297792,0.3334856376983004,0.03569363769830042,11.986096905994929
8192,1,256,256,0.148928,0.150048,0.298976,0.3334856376983004,0.0345096376983004,11.542611346161697
8192,1,512,512,0.1608,0.154432,0.315232,0.33853974318686264,0.02330774318686263,7.393837931067476
8192,1,512,512,0.160832,0.154528,0.31536,0.33853974318686264,0.023179743186862667,7.350248346924997
8192,1,1024,1024,0.114048,0.113568,0.2276159999999999,0.35204145622331806,0.12442545622331816,54.66463527314346
8192,1,1024,1024,0.112448,0.111968,0.224416,0.35204145622331806,0.12762545622331806,56.87003432166961
8192,1,2048,2048,0.031104,0.244192,0.275296,0.3476558254166222,0.07235982541662223,26.28437224537306
8192,1,2048,2048,0.116608,0.180832,0.29744,0.3476558254166222,0.05021582541662223,16.882673956637383
8192,1,5316,6144,0.139968,0.285632,0.4256,0.34091004616881926,0.08468995383118072,19.898955317476673
8192,1,5316,6144,0.139968,0.285728,0.4256959999999999,0.34091004616881926,0.08478595383118065,19.917019147744085
8192,1,6144,6144,0.225536,0.11936,0.344896,0.3402033072260684,0.004692692773931584,1.360610959225849
8192,1,6144,6144,0.224448,0.119712,0.34416,0.3402033072260684,0.003956692773931625,1.1496666590921736
8192,1,6144,6144,0.232448,0.126176,0.358624,0.3402033072260684,0.018420692773931602,5.13649191742092
8192,1,7088,8192,0.027424,0.251392,0.278816,0.33968331840172605,0.060867318401726045,21.830640422976458
8192,1,7088,8192,0.182048,0.083648,0.265696,0.33968331840172605,0.07398731840172607,27.846606046657108
8192,1,8192,8192,0.130688,0.32848,0.459168,0.33930838308676736,0.11985961691323266,26.103652021315217
8192,1,8192,8192,0.237824,0.129472,0.367296,0.33930838308676736,0.02798761691323265,7.619907898052973
8192,1,28672,28672,0.19392,0.261504,0.455424,0.3505928464803443,0.10483115351965572,23.0183638806158
8192,1,28672,28672,0.110912,0.129344,0.2402559999999999,0.3505928464803443,0.11033684648034439,45.9246996871439
8192,1,32768,32768,0.135104,0.24432,0.379424,0.3539886998935674,0.02543530010643258,6.703661367344338
8192,1,18990,122880,0.157152,0.115168,0.27232,0.3744357851949687,0.10211578519496867,37.49845226019708
8192,1,18990,122880,0.157184,0.114272,0.271456,0.3744357851949687,0.1029797851949687,37.93608731984878
8192,1,122880,122880,0.157312,0.348672,0.505984,0.43784717567064646,0.06813682432935353,13.466201367899682
8192,1,122880,122880,0.106976,0.294272,0.401248,0.43784717567064646,0.03659917567064647,9.121335351365358
8192,1,20256,131072,0.089664,0.145472,0.2351359999999999,0.3797386072369411,0.14460260723694118,61.49743435158429
8192,1,20256,131072,0.089408,0.147552,0.23696,0.3797386072369411,0.14277860723694108,60.25430757804738
8192,1,131072,131072,0.11648,0.315008,0.431488,0.44584630351585874,0.014358303515858761,3.3276252215261515
8192,2,0,0,0.33344,0.0,0.33344,0.22835315517320787,0.10508684482679215,31.51596833816943
8192,2,0,0,0.315712,0.0,0.315712,0.22835315517320787,0.08735884482679213,27.67042267217975
8192,2,256,256,0.227328,0.095392,0.32272,0.3334856376983004,0.010765637698300412,3.3359065748327996
8192,2,256,256,0.231008,0.091808,0.322816,0.3334856376983004,0.010669637698300427,3.3051762298958
8192,2,512,512,0.292,0.090528,0.382528,0.33853974318686264,0.04398825681313734,11.499356076715257
8192,2,1024,1024,0.201056,0.01296,0.214016,0.35204145622331806,0.13802545622331805,64.4930548292268
8192,2,1024,1024,0.200992,0.01312,0.214112,0.35204145622331806,0.13792945622331806,64.41930215182617
8192,2,2048,2048,0.042816,0.199328,0.242144,0.3476558254166222,0.10551182541662221,43.57399952781081
8192,2,2048,2048,0.0912,0.189312,0.280512,0.3476558254166222,0.06714382541662223,23.936168654682234
8192,2,5034,2048,0.19424,0.344832,0.539072,0.34133012625383863,0.19774187374616137,36.681904039935546
8192,2,5034,2048,0.193216,0.345728,0.538944,0.34133012625383863,0.19761387374616135,36.66686589815665
8192,2,4096,4096,0.184832,0.175904,0.360736,0.3425619694579236,0.01817403054207639,5.038041820632371
8192,2,6144,6144,0.180096,0.167136,0.347232,0.3402033072260684,0.0070286927739315885,2.024206517236772
8192,2,6144,6144,0.185696,0.114496,0.300192,0.3402033072260684,0.04001130722606838,13.32857212253104
8192,2,8192,8192,0.183168,0.141888,0.325056,0.33930838308676736,0.01425238308676735,4.38459314295609
8192,2,8192,8192,0.17712,0.107712,0.284832,0.33930838308676736,0.05447638308676739,19.125794533889238
8192,2,32768,32768,0.185536,0.208416,0.3939519999999999,0.3539886998935674,0.03996330010643251,10.144205412444288
8192,2,32768,32768,0.184832,0.146208,0.33104,0.3539886998935674,0.022948699893567404,6.932304221111468
8192,2,122880,122880,0.075264,0.370656,0.44592,0.43784717567064646,0.008072824329353523,1.8103750290082352
8192,2,131072,131072,0.165792,0.330816,0.496608,0.44584630351585874,0.05076169648414125,10.221683195627387
8192,4,1024,1024,0.100736,0.011232,0.111968,0.35204145622331806,0.24007345622331805,214.41256093108572
8192,4,1024,1024,0.1008,0.011008,0.111808,0.35204145622331806,0.24023345622331804,214.86249304461046
8192,4,6728,1024,0.08752,0.430912,0.518432,0.33974747529762195,0.17868452470237806,34.46633786154752
8192,4,2048,2048,0.1056,0.07472,0.1803199999999999,0.3476558254166222,0.1673358254166223,92.79937079448891
8192,4,2048,2048,0.106624,0.07456,0.181184,0.3476558254166222,0.1664718254166222,91.87998135410533
8192,4,28672,28672,0.077504,0.342848,0.420352,0.3505928464803443,0.06975915351965573,16.595413729363898
8192,4,32768,32768,0.082528,0.140096,0.222624,0.3539886998935674,0.13136469989356742,59.00742951953403
8192,4,131072,131072,0.083616,0.330272,0.413888,0.44584630351585874,0.031958303515858766,7.721485888902013
8192,8,0,0,0.038272,0.0,0.038272,0.22835315517320787,0.19008115517320787,496.6585367192931
8192,8,0,0,0.0312,0.0,0.0312,0.22835315517320787,0.19715315517320786,631.9011383756663
8192,8,6544,512,0.057184,0.505472,0.562656,0.33987818627289434,0.2227778137271057,39.59396393659815
8192,8,6544,512,0.059072,0.521504,0.580576,0.33987818627289434,0.24069781372710564,41.458450526219764
8192,8,4096,4096,0.042464,0.176096,0.21856,0.3425619694579236,0.1240019694579236,56.73589378565319
8192,8,32768,32768,0.047584,0.219808,0.267392,0.3539886998935674,0.08659669989356739,32.38567342836262
8192,8,122880,122880,0.05808,0.476832,0.5349119999999999,0.43784717567064646,0.09706482432935348,18.145942571741426
9216,9,32768,32768,0.04032,0.314624,0.354944,0.35292222433618914,0.002021775663810843,0.5696041245410102
9216,9,122880,122880,0.038368,0.28896,0.327328,0.4457646652644176,0.1184366652644176,36.182870168276956
9472,37,114688,114688,0.01568,0.300192,0.315872,0.41808474031160703,0.10221274031160704,32.35891130318833
9728,19,32768,32768,0.024384,0.24544,0.269824,0.33862864691431094,0.06880464691431093,25.499824668788147
9984,39,114688,114688,0.01504,0.300832,0.315872,0.42002959515839944,0.10415759515839945,32.97462109917924
10240,5,3364,512,0.107968,0.067808,0.175776,0.3448264740531708,0.1690504740531708,96.17380874133603
10240,5,3364,512,0.116768,0.06384,0.180608,0.3448264740531708,0.1642184740531708,90.9253599249041
10240,5,28672,28672,0.078528,0.130592,0.20912,0.34780563296757316,0.13868563296757316,66.31868447186933
10240,5,32768,32768,0.085088,0.152416,0.237504,0.3516784961171797,0.11417449611717972,48.07266240449833
10240,5,131072,131072,0.081792,0.340384,0.422176,0.46297638980520595,0.04080038980520595,9.664308204446948
10240,10,32768,32768,0.0504,0.2112,0.2616,0.3516784961171797,0.09007849611717972,34.43367588577206
10240,10,122880,122880,0.03616,0.321984,0.358144,0.4532037058084196,0.0950597058084196,26.54231421116076
10240,20,2048,2048,0.03408,0.162176,0.1962559999999999,0.34867576293795377,0.15241976293795387,77.66374680924606
10240,20,32768,32768,0.024128,0.37328,0.397408,0.33715469501530615,0.060253304984693834,15.161573240773674
10240,40,114688,114688,0.01664,0.294496,0.3111359999999999,0.42095269041998495,0.10981669041998504,35.29539828884638
10496,41,114688,114688,0.017376,0.291328,0.308704,0.4218434303837535,0.11313943038375351,36.64981029845856
10752,21,2048,2048,0.03504,0.172256,0.2072959999999999,0.34946277258862946,0.14216677258862956,68.58153200671003
10752,21,32768,32768,0.0256,0.38512,0.41072,0.33564612489904766,0.07507387510095231,18.278602235331203
10752,42,114688,114688,0.019424,0.29312,0.312544,0.4227022085649641,0.11015820856496411,35.24566415127602
11008,43,8192,8192,0.022048,0.146944,0.168992,0.31175975684576596,0.14276775684576595,84.48196177675035
11008,43,114688,114688,0.016224,0.293024,0.309248,0.42352941368426134,0.11428141368426131,36.9546169043167
11264,11,3272,256,0.036128,0.264928,0.301056,0.3456093872973347,0.04455338729733471,14.799036490664433
11264,11,28672,28672,0.054016,0.131424,0.18544,0.34623773215685816,0.16079773215685816,86.71146039519961
11264,11,122880,122880,0.04032,0.324672,0.364992,0.46018374718528476,0.09519174718528478,26.080502363143516
11264,22,2048,2048,0.03024,0.0984,0.12864,0.35027267512576543,0.22163267512576543,172.289082031845
11264,22,32768,32768,0.02416,0.258592,0.282752,0.33410743381057184,0.05135543381057184,18.16271284042972
11264,44,8192,8192,0.019328,0.156768,0.176096,0.3113654924937528,0.13526949249375278,76.8157666805338
11520,45,8192,8192,0.018784,0.165024,0.183808,0.3109936728296825,0.1271856728296825,69.19485160041047
11776,23,1024,1024,0.045184,0.09984,0.145024,0.32947032073882365,0.18444632073882367,127.18330809991704
11776,23,1024,1024,0.042752,0.09792,0.140672,0.32947032073882365,0.18879832073882366,134.2117270948189
11776,23,2048,2048,0.030368,0.113472,0.14384,0.35110313411671434,0.20726313411671435,144.09283517569128
11776,23,32768,32768,0.024064,0.211776,0.23584,0.332542762716022,0.09670276271602202,41.00354592775696
11776,46,8192,8192,0.019424,0.185856,0.20528,0.3106437920813345,0.10536379208133453,51.32686675824948
12288,3,0,0,0.164288,0.0,0.164288,0.2237760967109561,0.05948809671095612,36.209642037736245
12288,3,0,0,0.16096,0.0,0.16096,0.2237760967109561,0.06281609671095612,39.025905014262
12288,3,256,256,0.178912,0.042528,0.22144,0.32818296240228184,0.10674296240228184,48.20401120045242
12288,3,256,256,0.178272,0.041888,0.22016,0.32818296240228184,0.10802296240228185,49.06566242836203
12288,3,2517,1024,0.08672,0.185088,0.271808,0.348823893150227,0.077015893150227,28.33466754114191
12288,3,2517,1024,0.195392,0.097344,0.292736,0.348823893150227,0.056087893150227,19.15988916642538
12288,3,2048,2048,0.039744,0.172096,0.21184,0.3506978307679951,0.1388578307679951,65.54844730362306
12288,3,2048,2048,0.162496,0.116672,0.2791679999999999,0.3506978307679951,0.07152983076799518,25.622503570608096
12288,3,5034,2048,0.104832,0.350752,0.455584,0.3412806618572639,0.11430333814273608,25.089410107189032
12288,3,5034,2048,0.184192,0.283744,0.467936,0.3412806618572639,0.1266553381427361,27.06680788456885
12288,3,28672,28672,0.129568,0.373984,0.503552,0.3445891010337341,0.15896289896626592,31.568318458921006
12288,3,28672,28672,0.170592,0.129408,0.3,0.3445891010337341,0.04458910103373409,14.863033677911364
12288,3,32768,32768,0.186624,0.194752,0.381376,0.3487807461725674,0.03259525382743261,8.546750143541443
12288,3,122880,122880,0.137984,0.324096,0.46208,0.4667233944723237,0.004643394472323703,1.004889731718253
12288,3,131072,131072,0.166528,0.307648,0.474176,0.478230500844131,0.004054500844131004,0.8550624333857056
12288,6,0,0,0.100928,0.0,0.100928,0.2237760967109561,0.1228480967109561,121.71854858013246
12288,6,0,0,0.105344,0.0,0.105344,0.2237760967109561,0.11843209671095611,112.42415012810993
12288,6,3364,512,0.105696,0.098624,0.20432,0.34585819263722106,0.14153819263722106,69.27280375744962
12288,6,1024,1024,0.170688,0.191904,0.362592,0.35603772098579434,0.006554279014205688,1.8076182084010919
12288,6,1024,1024,0.173184,0.193216,0.3664,0.35603772098579434,0.010362279014205666,2.8281329187242537
12288,6,7248,8192,0.044768,0.22736,0.272128,0.33723173901574865,0.06510373901574867,23.9239398429227
12288,6,7248,8192,0.048064,0.2256,0.273664,0.33723173901574865,0.06356773901574864,23.22838919834126
12288,6,8192,8192,0.103712,0.165344,0.2690559999999999,0.3362760376798408,0.06722003767984092,24.983660531577417
12288,6,8192,8192,0.107872,0.129056,0.236928,0.3362760376798408,0.09934803767984082,41.931741997501696
12288,6,24576,24576,0.066816,0.188,0.254816,0.3408026327612703,0.08598663276127033,33.74459718434884
12288,6,24576,24576,0.06816,0.190848,0.259008,0.3408026327612703,0.0817946327612703,31.579963847166997
12288,6,28672,28672,0.06656,0.181408,0.247968,0.3445891010337341,0.09662110103373409,38.965149145750296
12288,6,32768,32768,0.066528,0.184448,0.250976,0.3487807461725674,0.0978047461725674,38.9697605239415
12288,12,3272,256,0.024864,0.301248,0.326112,0.3461849241656494,0.020072924165649375,6.155224022927515
12288,12,3272,256,0.028512,0.301216,0.3297279999999999,0.3461849241656494,0.016456924165649478,4.991060560719588
12288,12,6488,2048,0.042112,0.38448,0.4265919999999999,0.33862696895062605,0.08796503104937387,20.62041272442378
12288,12,6488,2048,0.038624,0.391168,0.429792,0.33862696895062605,0.09116503104937396,21.21143042433874
12288,12,15036,8192,0.047424,0.3296,0.377024,0.3337544596341675,0.043269540365832526,11.476601056121764
12288,12,15036,8192,0.048032,0.327424,0.375456,0.3337544596341675,0.04170154036583251,11.106904768024085
12288,12,28672,28672,0.041088,0.333856,0.374944,0.3445891010337341,0.03035489896626592,8.09584870441077
12288,12,114688,114688,0.039904,0.29472,0.334624,0.4552863639582041,0.12066236395820412,36.05908839718733
12288,12,122880,122880,0.043008,0.48496,0.527968,0.4667233944723237,0.0612446055276763,11.600060141462418
12288,24,1024,1024,0.02928,0.033632,0.062912,0.3264189344733399,0.26350693447333995,418.8500357218654
12288,24,2048,2048,0.027168,0.067872,0.09504,0.351952118359117,0.256912118359117,270.31998985597323
12288,24,8192,8192,0.046368,0.143552,0.18992,0.3231419506144224,0.1332219506144224,70.1463514187144
12288,24,17920,131072,0.025536,0.108736,0.134272,0.3444349054520801,0.2101629054520801,156.52027634360113
12288,24,17920,131072,0.02384,0.117216,0.141056,0.3444349054520801,0.20337890545208012,144.18309426899964
12288,48,22008,32768,0.015008,0.191136,0.206144,0.3060656563363464,0.09992165633634642,48.47177523301499
12288,48,22008,32768,0.016448,0.194752,0.2112,0.3060656563363464,0.09486565633634642,44.91745091683069
12544,49,22008,32768,0.014592,0.198432,0.213024,0.2864553568857158,0.07343135688571578,34.47093139069578
12800,25,1024,1024,0.028064,0.018816,0.04688,0.32347284863919956,0.2765928486391996,590.0018102372005
12800,25,1024,1024,0.027968,0.01888,0.046848,0.32347284863919956,0.27662484863919956,590.473122949111
12800,25,8192,8192,0.044768,0.161184,0.205952,0.32274557353441047,0.11679357353441047,56.70912325901689
12800,25,17920,131072,0.02464,0.106848,0.131488,0.34203206304193845,0.21054406304193846,160.12416573522944
12800,25,17920,131072,0.022912,0.12304,0.145952,0.34203206304193845,0.19608006304193845,134.34558145276424
12800,50,716,512,0.017792,0.132352,0.150144,0.21094991373689886,0.060805913736898864,40.49839736313064
12800,50,6144,6144,0.008384,0.1936,0.201984,0.3079649652080363,0.10598096520803629,52.46998039846537
12800,50,1772,8192,0.013408,0.079328,0.092736,0.36081197085230343,0.26807597085230345,289.07433019787726
12800,50,1772,8192,0.012736,0.075648,0.088384,0.36081197085230343,0.2724279708523034,308.23222625396386
12800,50,22008,32768,0.01504,0.196352,0.211392,0.28492669546815996,0.07353469546815997,34.785940559794106
13056,51,6144,6144,0.010016,0.19776,0.207776,0.3080125723660725,0.1002365723660725,48.242613375015644
13056,51,1772,8192,0.01072,0.078688,0.0894079999999999,0.3617346557228025,0.27232665572280257,304.5886897400712
13056,51,1772,8192,0.011328,0.074368,0.085696,0.3617346557228025,0.2760386557228025,322.1138159573405
13312,13,6488,2048,0.03824,0.369184,0.407424,0.3385894298609031,0.06883457013909688,16.895070034925993
13312,13,6488,2048,0.043136,0.3776,0.420736,0.3385894298609031,0.08214657013909687,19.524492826641143
13312,13,15036,8192,0.042144,0.339392,0.381536,0.33253650520830247,0.04899949479169752,12.842692378097354
13312,13,15036,8192,0.040576,0.34032,0.380896,0.33253650520830247,0.048359494791697544,12.696246427291843
13312,13,28672,28672,0.05056,0.169888,0.220448,0.3428809672235631,0.12243296722356309,55.53825265983955
13312,13,114688,114688,0.046272,0.294944,0.3412159999999999,0.46056150842569865,0.11934550842569874,34.97652760295495
13312,26,8192,8192,0.037472,0.210752,0.248224,0.32240182474191936,0.07417782474191936,29.883421724700014
13312,26,28672,28672,0.021664,0.315488,0.337152,0.3232912774653758,0.013860722534624226,4.111119772276073
13312,52,358,256,0.018752,0.007872,0.026624,0.23630740146002438,0.20968340146002437,787.5728720704041
13312,52,358,256,0.020672,0.0008,0.0214719999999999,0.23630740146002438,0.21483540146002447,1000.5374509129354
13312,52,2048,2048,0.018976,0.132064,0.1510399999999999,0.35796292872343116,0.20692292872343127,136.9987610721871
13312,52,6144,6144,0.019744,0.149376,0.16912,0.3080827517480369,0.1389627517480369,82.1681360856415
13312,52,1772,8192,0.013824,0.078784,0.092608,0.3626633241189303,0.2700553241189303,291.61122594044826
13568,53,358,256,0.009216,0.08848,0.097696,0.23502976510753548,0.13733376510753548,140.5725568165897
13568,53,2048,2048,0.022048,0.12992,0.151968,0.3588564512554768,0.20688845125547684,136.1394841384218
13568,53,1329,6144,0.008928,0.091552,0.10048,0.37318923166461104,0.27270923166461103,271.4064805579329
13568,53,1329,6144,0.009408,0.0904,0.099808,0.37318923166461104,0.27338123166461104,273.9071333606635
13568,53,6144,6144,0.017024,0.173824,0.190848,0.3081748308077543,0.11732683080775433,61.47658388233271
13824,27,8192,8192,0.030784,0.077504,0.108288,0.3221083336672397,0.21382033366723968,197.45524311764896
13824,27,28672,28672,0.026816,0.183808,0.210624,0.32164793481984155,0.11102393481984155,52.71191071285397
13824,27,19544,32768,0.026496,0.209056,0.2355519999999999,0.31792903473881484,0.08237703473881494,34.97191055003353
13824,27,19544,32768,0.027008,0.203808,0.230816,0.31792903473881484,0.08711303473881485,37.74133281003694
13824,27,16800,122880,0.027232,0.079552,0.1067839999999999,0.3325399081824987,0.22575590818249877,211.4136089512464
13824,27,16800,122880,0.02688,0.080832,0.107712,0.3325399081824987,0.22482790818249868,208.73060400187416
13824,54,0,0,0.01088,0.0,0.01088,0.17571698285595794,0.16483698285595794,1515.0457983084368
13824,54,0,0,0.010944,0.0,0.010944,0.17571698285595794,0.16477298285595793,1505.6010860376273
13824,54,2048,2048,0.018752,0.111328,0.13008,0.35975651098202377,0.22967651098202377,176.5655834732655
13824,54,1329,6144,0.008416,0.092192,0.100608,0.37419609910683604,0.273588099106836,271.93473591248807
13824,54,1329,6144,0.014592,0.101536,0.116128,0.37419609910683604,0.25806809910683604,222.22728291784586
14080,55,0,0,0.010208,0.0,0.010208,0.17457271824039466,0.16436471824039467,1610.1559388753396
14080,55,0,0,0.010624,0.0,0.010624,0.17457271824039466,0.16394871824039467,1543.192001509739
14080,55,2048,2048,0.02,0.106304,0.126304,0.360662817196161,0.234358817196161,185.55138174259008
14336,7,0,0,0.050592,0.0,0.050592,0.22148756747983045,0.17089556747983045,337.7916814512778
14336,7,0,0,0.055456,0.0,0.055456,0.22148756747983045,0.16603156747983044,299.3933343187941
14336,7,512,512,0.147072,0.084448,0.23152,0.3270777354949548,0.09555773549495478,41.27407372795213
14336,7,512,512,0.145568,0.081248,0.226816,0.3270777354949548,0.10026173549495479,44.20399596807756
14336,7,1024,1024,0.117728,0.140992,0.25872,0.3581216385857573,0.09940163858575729,38.42054676320242
14336,7,5436,6144,0.102272,0.208544,0.310816,0.3403854262288317,0.02956942622883174,9.513482648522515
14336,7,5436,6144,0.038336,0.20752,0.245856,0.3403854262288317,0.09452942622883173,38.449102819874945
14336,7,6144,6144,0.109984,0.153664,0.263648,0.3388783156315287,0.07523031563152871,28.534377515296423
14336,7,6144,6144,0.112544,0.163488,0.276032,0.3388783156315287,0.0628463156315287,22.76776447351347
14336,7,7248,8192,0.048256,0.206592,0.254848,0.33675879238511053,0.08191079238511051,32.14103794619165
14336,7,7248,8192,0.04784,0.206528,0.254368,0.33675879238511053,0.08239079238511055,32.390392024590575
14336,7,8192,8192,0.109216,0.146912,0.2561279999999999,0.3354791646286688,0.07935116462866887,30.981058153996788
14336,7,8192,8192,0.110496,0.148992,0.259488,0.3354791646286688,0.07599116462866878,29.285040012898005
14336,7,122880,122880,0.097536,0.301184,0.39872,0.47855194852405414,0.07983194852405412,20.02205771570378
14336,14,0,0,0.058784,0.0,0.058784,0.22148756747983045,0.16270356747983045,276.7820622615515
14336,14,6488,2048,0.041312,0.37536,0.416672,0.3386427270762242,0.07802927292377576,18.72678579884796
14336,14,6488,2048,0.019584,0.368256,0.3878399999999999,0.3386427270762242,0.04919727292377568,12.684940419702892
14336,14,15036,8192,0.037216,0.323936,0.361152,0.33140218346408945,0.029749816535910523,8.237477997051249
14336,14,24576,24576,0.041056,0.199168,0.240224,0.3373233553170776,0.09709935531707758,40.42033906565438
14336,14,28672,28672,0.041152,0.183936,0.2250879999999999,0.34113111231549587,0.11604311231549597,51.55455302614801
14336,14,7400,32768,0.026272,0.107872,0.1341439999999999,0.3344530016817209,0.20030900168172097,149.32386217924105
14336,14,7400,32768,0.026304,0.105568,0.131872,0.3344530016817209,0.20258100168172088,153.61942010564857
14336,14,114688,114688,0.046848,0.302176,0.349024,0.46544442901863414,0.11642042901863414,33.35599529506113
14336,28,2518,512,0.02752,0.28176,0.30928,0.308493433381436,0.0007865666185640219,0.2543218502858322
14336,28,6144,6144,0.018304,0.19552,0.213824,0.3287775756382736,0.1149535756382736,53.76083865154221
14336,28,8192,8192,0.031488,0.080096,0.111584,0.3218628296470758,0.21027882964707578,188.4489081293696
14336,28,19544,32768,0.02336,0.226912,0.250272,0.3164049906050215,0.06613299060502148,26.424446444277216
14336,28,19544,32768,0.023008,0.223456,0.246464,0.3164049906050215,0.06994099060502149,28.377771441273975
14336,28,16800,122880,0.025088,0.078944,0.104032,0.3302315811356742,0.22619958113567418,217.4326948781857
14336,28,16800,122880,0.025888,0.091808,0.117696,0.3302315811356742,0.2125355811356742,180.5801226343072
14336,56,0,0,0.012832,0.0,0.012832,0.17342845362483317,0.16059645362483316,1251.5309665276898
14336,56,0,0,0.010912,0.0,0.010912,0.17342845362483317,0.16251645362483316,1489.3370016938522
14336,56,512,512,0.02528,0.045472,0.070752,0.2181893539552231,0.14743735395522312,208.38612895073373
14336,56,1024,1024,0.009696,0.088192,0.097888,0.21217862029390133,0.11429062029390133,116.75651795307016
14336,56,2048,2048,0.019168,0.10656,0.125728,0.3615750960935209,0.2358470960935209,187.58518078194265
14336,56,886,4096,0.009824,0.115552,0.125376,0.38696894813667626,0.2615929481366763,208.64674908808408
14592,57,256,256,0.009888,0.052608,0.062496,0.24392394081217184,0.18142794081217184,290.30328470969636
14592,57,512,512,0.014752,0.074816,0.089568,0.21678544061289529,0.1272174406128953,142.03447728306463
14592,57,2048,2048,0.012512,0.077152,0.089664,0.3624930895680265,0.27282908956802654,304.27940931480475
14592,57,6144,6144,0.011072,0.164,0.175072,0.3087495153952631,0.13367751539526307,76.35573672275582
14848,29,6144,6144,0.03024,0.090528,0.120768,0.3289380815945204,0.20817008159452044,172.37188791279183
14848,29,13688,8192,0.023584,0.318592,0.342176,0.3123105252175087,0.029865474782491297,8.728103310136099
14848,29,13688,8192,0.025856,0.2976,0.3234559999999999,0.3123105252175087,0.011145474782491227,3.4457468040448256
14848,29,13688,8192,0.012448,0.3696,0.382048,0.3123105252175087,0.06973747478249132,18.253589806121564
14848,29,28672,28672,0.025696,0.17952,0.205216,0.3183678125291216,0.1131518125291216,55.137909582645406
14848,58,0,0,0.012544,0.0,0.012544,0.17113992439370662,0.15859592439370662,1264.3169993120746
14848,58,0,0,0.012544,0.0,0.012544,0.17113992439370662,0.15859592439370662,1264.3169993120746
14848,58,256,256,0.009408,0.054496,0.063904,0.24272122166861543,0.1788172216686154,279.82164131919035
14848,58,512,512,0.014208,0.05904,0.073248,0.2153897159403808,0.14214171594038083,194.05542259226306
14848,58,1024,1024,0.017568,0.047296,0.064864,0.20777828859897518,0.14291428859897518,220.32913264518865
14848,58,2048,2048,0.01072,0.061024,0.071744,0.3634165541084755,0.2916725541084755,406.54626743487324
14848,58,4096,4096,0.010432,0.168768,0.1792,0.33068129248139755,0.15148129248139755,84.53197125077988
15104,59,0,0,0.008512,0.0,0.008512,0.16999565977814335,0.16148365977814336,1897.1294616793155
15104,59,256,256,0.009888,0.045248,0.055136,0.24152041183151596,0.18638441183151597,338.0448560496155
15104,59,1024,1024,0.010592,0.018688,0.02928,0.20562067397915484,0.17634067397915484,602.2564002020315
15104,59,19257,28672,0.014656,0.241248,0.2559039999999999,0.2705370923500343,0.014633092350034405,5.718196022740719
15104,59,19257,28672,0.015968,0.24272,0.258688,0.2705370923500343,0.01184909235003434,4.580456901763647
15360,15,0,0,0.034784,0.0,0.034784,0.22034330286426718,0.18555930286426717,533.4616572684773
15360,15,0,0,0.034304,0.0,0.034304,0.22034330286426718,0.18603930286426718,542.3253931444356
15360,15,24576,24576,0.039296,0.214016,0.253312,0.33558798103503973,0.08227598103503975,32.480096100871556
15360,15,28672,28672,0.037984,0.2096,0.247584,0.3393544343356427,0.09177043433564272,37.06638326210204
15360,15,7400,32768,0.022944,0.106848,0.129792,0.3339195305875897,0.20412753058758973,157.27281387727268
15360,30,1259,256,0.017536,0.172928,0.190464,0.253865024101807,0.06340102410180701,33.28766806420479
15360,30,1259,256,0.018848,0.172832,0.19168,0.253865024101807,0.06218502410180701,32.442103558956084
15360,30,1024,1024,0.020832,0.164128,0.1849599999999999,0.31007598782762,0.12511598782762012,67.64488961268393
15360,30,6144,6144,0.04176,0.14192,0.1836799999999999,0.3291359777353158,0.14545597773531588,79.18988334893072
15360,30,13688,8192,0.01184,0.370496,0.382336,0.3114841557819874,0.0708518442180126,18.531303413231452
15360,30,13688,8192,0.013248,0.370912,0.38416,0.3114841557819874,0.0726758442180126,18.918118549045346
15360,30,13688,8192,0.025728,0.308992,0.33472,0.3114841557819874,0.023235844218012613,6.941875065132831
15360,30,15680,114688,0.011552,0.113632,0.125184,0.3218651040395839,0.19668110403958391,157.11361199481078
15360,30,15680,114688,0.012,0.129568,0.141568,0.3218651040395839,0.1802971040395839,127.35724460300627
15360,60,0,0,0.00928,0.0,0.00928,0.16885139516258008,0.15957139516258007,1719.5193444243544
15360,60,19257,28672,0.015712,0.244608,0.26032,0.2692652653738108,0.008945265373810796,3.4362574423059296
15360,60,19257,28672,0.016064,0.222048,0.238112,0.2692652653738108,0.0311532653738108,13.083450382093636
15872,31,1259,256,0.038688,0.047264,0.085952,0.2516418175350843,0.1656898175350843,192.77017118285124
15872,31,512,512,0.021408,0.071936,0.093344,0.2864294128937228,0.19308541289372283,206.85358769039556
15872,31,1024,1024,0.029472,0.093696,0.123168,0.3076213842228057,0.18445338422280572,149.7575540910023
15872,31,122880,122880,0.026624,0.290976,0.3176,0.46751246782009304,0.14991246782009304,47.201658633530556
15872,62,28672,28672,0.015488,0.185984,0.201472,0.2684099489637184,0.06693794896371838,33.224442584437725
15872,62,30384,131072,0.015552,0.084864,0.1004159999999999,0.3164196749569079,0.21600367495690803,215.10882225632196
15872,62,30384,131072,0.015328,0.085568,0.100896,0.3164196749569079,0.21552367495690794,213.60973176033534
16128,63,28672,28672,0.016928,0.232544,0.249472,0.26687825147106814,0.01740625147106814,6.977236511940474
16128,63,30384,131072,0.015232,0.085408,0.10064,0.3145952060213588,0.2139552060213588,212.59460057766177
16384,1,512,512,0.10416,0.105408,0.209568,0.32393643127602667,0.11436843127602667,54.573423077963554
16384,1,512,512,0.10416,0.105408,0.209568,0.32393643127602667,0.11436843127602667,54.573423077963554
16384,1,1024,1024,0.098208,0.113344,0.211552,0.3602366077131425,0.14868460771314249,70.28277100341404
16384,1,1024,1024,0.097632,0.11392,0.211552,0.3602366077131425,0.14868460771314249,70.28277100341404
16384,1,1024,1024,0.096,0.095808,0.191808,0.3602366077131425,0.16842860771314247,87.81104422815652
16384,1,1024,1024,0.095456,0.095232,0.190688,0.3602366077131425,0.16954860771314248,88.91414651847126
16384,1,2048,2048,0.02752,0.209472,0.2369919999999999,0.35432502624100337,0.11733302624100347,49.5092772080929
16384,1,2048,2048,0.050592,0.185792,0.236384,0.35432502624100337,0.11794102624100336,49.89382794140185
16384,1,6144,6144,0.189152,0.117568,0.30672,0.33922211872568564,0.03250211872568565,10.596674075927767
16384,1,6144,6144,0.189184,0.11744,0.306624,0.33922211872568564,0.03259811872568563,10.63130046104859
16384,1,9003,6144,0.244544,0.240352,0.484896,0.33408230387874926,0.15081369612125073,31.10227680188138
16384,1,8192,8192,0.134912,0.2416,0.376512,0.33506299863381983,0.04144900136618018,11.008680033087971
16384,1,8192,8192,0.131392,0.233312,0.364704,0.33506299863381983,0.029641001366180142,8.12741329027928
16384,1,12004,8192,0.056384,0.316448,0.372832,0.330956137833053,0.041875862166947,11.231831539928708
16384,1,8358,28672,0.200096,0.122976,0.323072,0.3327834258396303,0.00971142583963025,3.0059633269457735
16384,1,8358,28672,0.087456,0.13328,0.220736,0.3327834258396303,0.11204742583963029,50.760830059270035
16384,1,28672,28672,0.351104,0.17776,0.528864,0.33756341196098427,0.19130058803901573,36.17198146196673
16384,1,28672,28672,0.264704,0.27808,0.5427839999999999,0.33756341196098427,0.20522058803901566,37.80888678351161
16384,1,28672,28672,0.200832,0.328192,0.5290239999999999,0.33756341196098427,0.19146058803901567,36.19128584695887
16384,1,28672,28672,0.164064,0.308416,0.47248,0.33756341196098427,0.13491658803901574,28.5549839229207
16384,1,9552,32768,0.153056,0.12896,0.282016,0.3314489988429683,0.04943299884296831,17.528437692531032
16384,1,32768,32768,0.284352,0.384448,0.6688000000000001,0.34197441422849817,0.3268255857715019,48.86746198736571
16384,1,32768,32768,0.161952,0.343456,0.505408,0.34197441422849817,0.1634335857715018,32.33696058857434
16384,1,36945,122880,0.24528,0.156736,0.402016,0.39699819275561943,0.005017807244380557,1.2481610792556905
16384,1,36945,122880,0.245248,0.154848,0.400096,0.39699819275561943,0.0030978072443805793,0.7742659872582028
16384,1,122880,122880,0.328,0.35296,0.68096,0.4888228257752134,0.1921371742247866,28.215632962991457
16384,1,122880,122880,0.2744,0.532032,0.8064319999999999,0.4888228257752134,0.3176091742247865,39.38449543480251
16384,1,122880,122880,0.24624,0.315456,0.561696,0.4888228257752134,0.07287317422478656,12.973774822107789
16384,1,122880,122880,0.2448,0.330944,0.575744,0.4888228257752134,0.08692117422478662,15.097191499136182
16384,1,122880,122880,0.215648,0.292384,0.508032,0.4888228257752134,0.01920917422478663,3.7810953295829055
16384,1,39408,131072,0.320928,0.108128,0.429056,0.40731505796645395,0.02174094203354604,5.0671572087433905
16384,1,131072,131072,0.275424,0.30656,0.5819840000000001,0.5036584071042374,0.07832559289576269,13.458375641901268
16384,2,0,0,0.684736,0.0,0.684736,0.21919903824870435,0.46553696175129566,67.98780285413585
16384,2,0,0,0.682496,0.0,0.682496,0.21919903824870435,0.46329696175129564,67.88273656567887
16384,2,0,0,0.338432,0.0,0.338432,0.21919903824870435,0.11923296175129566,35.23099522246586
16384,2,0,0,0.33536,0.0,0.33536,0.21919903824870435,0.11616096175129564,34.63769136190829
16384,2,0,0,0.697024,0.0,0.697024,0.21919903824870435,0.47782496175129563,68.55215340523362
16384,2,0,0,0.474784,0.0,0.474784,0.21919903824870435,0.25558496175129564,53.83183968947893
16384,2,0,0,0.509824,0.0,0.509824,0.21919903824870435,0.2906249617512957,57.0049589174491
16384,2,0,0,0.537728,0.0,0.537728,0.21919903824870435,0.31852896175129564,59.23607506979284
16384,2,256,256,0.584832,0.08384,0.668672,0.32322637697952716,0.3454456230204729,51.661445824032235
16384,2,256,256,0.549344,0.077888,0.627232,0.32322637697952716,0.30400562302047285,48.4678114350787
16384,2,256,256,0.222208,0.096544,0.318752,0.32322637697952716,0.004474376979527184,1.4037173035862314
16384,2,256,256,0.225344,0.092736,0.31808,0.32322637697952716,0.00514637697952719,1.61795050915719
16384,2,1151,256,0.29744,0.199968,0.4974079999999999,0.3104471683397829,0.186960831660217,37.58701743040261
16384,2,512,512,0.645152,0.09936,0.744512,0.32393643127602667,0.4205755687239733,56.49009938375384
16384,2,512,512,0.273888,0.098112,0.372,0.32393643127602667,0.04806356872397333,12.920314173111109
16384,2,512,512,0.273792,0.098336,0.372128,0.32393643127602667,0.048191568723973344,12.950266769491503
16384,2,512,512,0.715552,0.018144,0.733696,0.32393643127602667,0.40975956872397334,55.84868511263157
16384,2,512,512,0.715488,0.01824,0.733728,0.32393643127602667,0.4097915687239734,55.85061067915813
16384,2,512,512,0.412704,0.108352,0.521056,0.32393643127602667,0.1971195687239733,37.83078377832197
16384,2,1137,512,0.414304,0.170176,0.58448,0.32983083169542304,0.25464916830457696,43.568499915236956
16384,2,2302,512,0.071136,0.365728,0.436864,0.353237957529271,0.08362604247072897,19.142351503151776
16384,2,1024,1024,0.602176,0.176192,0.7783680000000001,0.3602366077131425,0.4181313922868576,53.71898540110301
16384,2,1024,1024,0.393088,0.147008,0.540096,0.3602366077131425,0.17985939228685754,33.30137462355906
16384,2,1024,1024,0.250528,0.024704,0.275232,0.3602366077131425,0.0850046077131425,30.884710975883074
16384,2,1024,1024,0.264704,0.05456,0.319264,0.3602366077131425,0.040972607713142484,12.833456861137643
16384,2,2048,2048,0.598656,0.204192,0.802848,0.35432502624100337,0.44852297375899663,55.8664870260618
16384,2,2048,2048,0.597056,0.203392,0.800448,0.35432502624100337,0.4461229737589967,55.73416058994422
16384,2,2048,2048,0.189024,0.180608,0.3696319999999999,0.35432502624100337,0.015306973758996534,4.141138689019495
16384,2,2048,2048,0.203776,0.160128,0.363904,0.35432502624100337,0.009578973758996634,2.6322804253310306
16384,2,7764,2048,0.389696,0.475008,0.8647039999999999,0.336427234953419,0.5282767650465809,61.09336432427524
16384,2,7764,2048,0.388128,0.476512,0.86464,0.336427234953419,0.528212765046581,61.09048448447689
16384,2,3544,4096,0.323232,0.25824,0.581472,0.347379282038605,0.23409271796139497,40.25863979028998
16384,2,4096,4096,0.461376,0.20432,0.6656960000000001,0.34537032031097237,0.3203256796890277,48.118913090814374
16384,2,5316,6144,0.32864,0.152928,0.481568,0.3413014710426916,0.1402665289573084,29.127045185167706
16384,2,5316,6144,0.328416,0.152864,0.48128,0.3413014710426916,0.1399785289573084,29.084634507419466
16384,2,6144,6144,0.481184,0.178624,0.659808,0.33922211872568564,0.3205858812743143,48.5877529939489
16384,2,6144,6144,0.479552,0.12016,0.599712,0.33922211872568564,0.2604898812743144,43.43582941050277
16384,2,7088,8192,0.31568,0.2184,0.53408,0.33695773197158374,0.19712226802841626,36.90875300112647
16384,2,8192,8192,0.49168,0.221472,0.713152,0.33506299863381983,0.3780890013661802,53.016608151723645
16384,2,8192,8192,0.501056,0.218272,0.719328,0.33506299863381983,0.38426500136618014,53.41999774319645
16384,2,8192,8192,0.40928,0.204256,0.613536,0.33506299863381983,0.27847300136618014,45.388208901544516
16384,2,8192,8192,0.448704,0.117312,0.566016,0.33506299863381983,0.23095300136618013,40.803263753353285
16384,2,22248,24576,0.296672,0.208096,0.504768,0.33281740783318225,0.17195059216681774,34.0652719995756
16384,2,22248,24576,0.304064,0.192768,0.496832,0.33281740783318225,0.16401459216681774,33.01208299119576
16384,2,24576,24576,0.313504,0.179584,0.4930879999999999,0.3338691353949179,0.159218864605082,32.29015198201579
16384,2,24576,24576,0.311296,0.174848,0.486144,0.3338691353949179,0.1522748646050821,31.322995780073825
16384,2,25956,28672,0.286912,0.347136,0.634048,0.33600032772479604,0.2980476722752039,47.00711496214859
16384,2,25956,28672,0.275904,0.353344,0.629248,0.33600032772479604,0.293247672275204,46.60287712876385
16384,2,28672,28672,0.311584,0.15792,0.469504,0.33756341196098427,0.1319405880390157,28.102122247950117
16384,2,28672,28672,0.303104,0.132448,0.435552,0.33756341196098427,0.09798858803901572,22.49756356049696
16384,2,29664,32768,0.35936,0.222528,0.581888,0.33995366129399995,0.241934338706,41.57747516807358
16384,2,29664,32768,0.3608,0.212864,0.573664,0.33995366129399995,0.233710338706,40.739934649202326
16384,2,32768,32768,0.407008,0.287648,0.6946559999999999,0.34197441422849817,0.35268158577150177,50.77068157066257
16384,2,32768,32768,0.36912,0.151488,0.520608,0.34197441422849817,0.1786335857715018,34.31249342528386
16384,2,32768,32768,0.31712,0.216128,0.5332479999999999,0.34197441422849817,0.19127358577150178,35.86953645798987
16384,2,17724,114688,0.330432,0.096928,0.42736,0.34448115408635127,0.08287884591364875,19.393215535765805
16384,2,17724,114688,0.32848,0.058336,0.386816,0.34448115408635127,0.04233484591364872,10.944440228338207
16384,2,114688,114688,0.289536,0.304448,0.5939840000000001,0.47410046442386133,0.11988353557613873,20.18295704533097
16384,2,114688,114688,0.28768,0.30576,0.59344,0.47410046442386133,0.11933953557613863,20.109789629303492
16384,2,18990,122880,0.328192,0.058848,0.38704,0.34947748888298236,0.03756251111701764,9.70507211580654
16384,2,18990,122880,0.328096,0.057824,0.38592,0.34947748888298236,0.03644251111701763,9.443022159260373
16384,2,122880,122880,0.26816,0.333184,0.601344,0.4888228257752134,0.11252117422478658,18.711615019820034
16384,2,122880,122880,0.26912,0.308992,0.578112,0.4888228257752134,0.08928917422478655,15.444961222874904
16384,2,20256,131072,0.332096,0.057024,0.38912,0.35503555902105344,0.034084440978946584,8.759364971974348
16384,2,131072,131072,0.3632,0.342976,0.706176,0.5036584071042374,0.20251759289576265,28.678062253002462
16384,2,131072,131072,0.361504,0.35776,0.719264,0.5036584071042374,0.21560559289576264,29.97586322904561
16384,2,131072,131072,0.269344,0.29872,0.5680639999999999,0.5036584071042374,0.06440559289576253,11.337735342454819
16384,4,0,0,0.11632,0.0,0.11632,0.21919903824870435,0.10287903824870434,88.44484031009657
16384,4,0,0,0.29168,0.0,0.29168,0.21919903824870435,0.07248096175129565,24.849479481382218
16384,4,0,0,0.289376,0.0,0.289376,0.21919903824870435,0.07017696175129567,24.251134078602117
16384,4,0,0,0.304928,0.0,0.304928,0.21919903824870435,0.08572896175129563,28.114493175863036
16384,4,0,0,0.29488,0.0,0.29488,0.21919903824870435,0.07568096175129563,25.66500330686911
16384,4,0,0,0.328032,0.0,0.328032,0.21919903824870435,0.10883296175129564,33.17754418815714
16384,4,0,0,0.322016,0.0,0.322016,0.21919903824870435,0.10281696175129568,31.929146921673357
16384,4,0,0,0.309792,0.0,0.309792,0.21919903824870435,0.09059296175129566,29.243157264001546
16384,4,0,0,0.308864,0.0,0.308864,0.21919903824870435,0.08966496175129568,29.030564180770718
16384,4,386,256,0.206176,0.155712,0.361888,0.3207173646080741,0.04117063539192589,11.37662353875395
16384,4,386,256,0.208672,0.155712,0.364384,0.3207173646080741,0.04366663539192589,11.983686273800686
16384,4,512,512,0.226112,0.10128,0.327392,0.32393643127602667,0.0034555687239733457,1.0554835560958562
16384,4,512,512,0.2368,0.095936,0.332736,0.32393643127602667,0.008799568723973306,2.6446097578781096
16384,4,512,512,0.246112,0.086528,0.33264,0.32393643127602667,0.00870356872397332,2.616512964157444
16384,4,772,512,0.253344,0.217024,0.470368,0.3263285110326386,0.1440394889673614,30.62272283985335
16384,4,1649,512,0.160704,0.215008,0.375712,0.3422684866899228,0.033443513310077166,8.901369482496477
16384,4,1649,512,0.161408,0.215008,0.376416,0.3422684866899228,0.03414751331007715,9.07174862654009
16384,4,1024,1024,0.22352,0.15584,0.37936,0.3602366077131425,0.0191233922868575,5.040961695185971
16384,4,1024,1024,0.227808,0.149856,0.377664,0.3602366077131425,0.017427392286857524,4.6145230381655455
16384,4,1024,1024,0.338464,0.087104,0.425568,0.3602366077131425,0.06533139228685753,15.351575373819818
16384,4,2517,1024,0.171712,0.016384,0.188096,0.35215349455323786,0.16405749455323784,87.22008684567339
16384,4,2517,1024,0.170912,0.016064,0.186976,0.35215349455323786,0.16517749455323785,88.34154894384191
16384,4,3298,1024,0.213568,0.34224,0.555808,0.3487828897564196,0.2070251102435804,37.247594536886915
16384,4,2048,2048,0.03408,0.142784,0.176864,0.35432502624100337,0.17746102624100338,100.33756233094546
16384,4,2048,2048,0.152704,0.12032,0.273024,0.35432502624100337,0.08130102624100338,29.777977848468772
16384,4,5034,2048,0.136096,0.341984,0.47808,0.3426958217531233,0.1353841782468767,28.318310376271068
16384,4,5034,2048,0.138176,0.3368,0.4749759999999999,0.3426958217531233,0.1322801782468766,27.849865729400353
16384,4,11436,8192,0.181024,0.274464,0.455488,0.3313856717826109,0.12410232821738909,27.24601487138829
16384,4,11436,8192,0.18448,0.276128,0.460608,0.3313856717826109,0.1292223282173891,28.05472944833548
16384,4,24576,24576,0.135136,0.193184,0.32832,0.3338691353949179,0.0055491353949179145,1.690160634417006
16384,4,24576,24576,0.129504,0.180576,0.31008,0.3338691353949179,0.023789135394917893,7.671934789382704
16384,4,28672,28672,0.131616,0.172864,0.30448,0.33756341196098427,0.0330834119609843,10.865545178988539
16384,4,28672,28672,0.130752,0.174656,0.305408,0.33756341196098427,0.03215541196098426,10.528673761323953
16384,4,9240,32768,0.194112,0.130336,0.324448,0.3316487189847068,0.007200718984706811,2.219375365145358
16384,4,9240,32768,0.192576,0.124064,0.31664,0.3316487189847068,0.015008718984706848,4.739994626297009
16384,4,32768,32768,0.138112,0.21424,0.352352,0.34197441422849817,0.01037758577150183,2.9452325434513864
16384,4,114688,114688,0.131744,0.293664,0.425408,0.47410046442386133,0.048692464423861326,11.446062232929641
16384,4,114688,114688,0.135168,0.29008,0.425248,0.47410046442386133,0.04885246442386132,11.487993929156943
16384,4,122880,122880,0.139328,0.450656,0.5899840000000001,0.4888228257752134,0.10116117422478665,17.146426720857963
16384,4,13456,131072,0.201408,0.079616,0.281024,0.33378591119506984,0.052761911195069844,18.774877304098528
16384,4,13456,131072,0.199008,0.075456,0.274464,0.33378591119506984,0.059321911195069854,21.6137311979239
16384,4,131072,131072,0.16672,0.377248,0.543968,0.5036584071042374,0.040309592895762636,7.410287534517221
16384,4,131072,131072,0.167168,0.361888,0.529056,0.5036584071042374,0.0253975928957626,4.800549071508989
16384,4,131072,131072,0.124736,0.300672,0.425408,0.5036584071042374,0.07825040710423736,18.394202061135985
16384,8,0,0,0.14512,0.0,0.14512,0.21919903824870435,0.07407903824870435,51.046746312503
16384,8,0,0,0.151264,0.0,0.151264,0.21919903824870435,0.06793503824870434,44.91157066367697
16384,8,0,0,0.128416,0.0,0.128416,0.21919903824870435,0.09078303824870435,70.69449153431376
16384,8,0,0,0.134464,0.0,0.134464,0.21919903824870435,0.08473503824870435,63.01689541342243
16384,8,0,0,0.131456,0.0,0.131456,0.21919903824870435,0.08774303824870436,66.74707753826708
16384,8,0,0,0.082848,0.0,0.082848,0.21919903824870435,0.13635103824870434,164.5797584114334
16384,8,0,0,0.084416,0.0,0.084416,0.21919903824870435,0.13478303824870436,159.66527465018996
16384,8,256,256,0.08192,0.082848,0.164768,0.32322637697952716,0.15845837697952717,96.17060168207854
16384,8,256,256,0.106208,0.079168,0.1853759999999999,0.32322637697952716,0.13785037697952726,74.3625803661355
16384,8,512,512,0.154112,0.08144,0.2355519999999999,0.32393643127602667,0.08838443127602677,37.522258896560764
16384,8,512,512,0.142368,0.084192,0.2265599999999999,0.32393643127602667,0.09737643127602677,42.98041634711636
16384,8,512,512,0.088096,0.076416,0.164512,0.32393643127602667,0.15942443127602668,96.907478649598
16384,8,512,512,0.092576,0.07408,0.166656,0.32393643127602667,0.15728043127602667,94.37429872073413
16384,8,1024,1024,0.139584,0.070176,0.20976,0.3602366077131425,0.15047660771314247,71.73751321183374
16384,8,3624,4096,0.076672,0.261088,0.33776,0.3470762825301872,0.009316282530187181,2.758255130917569
16384,8,4096,4096,0.122848,0.169824,0.292672,0.34537032031097237,0.05269832031097238,18.005931661030907
16384,8,5436,6144,0.092032,0.175936,0.267968,0.34098694383788786,0.07301894383788787,27.249128193623072
16384,8,5436,6144,0.096448,0.174528,0.270976,0.34098694383788786,0.07001094383788786,25.836584729971605
16384,8,6144,6144,0.12416,0.128608,0.252768,0.33922211872568564,0.08645411872568565,34.202952401287206
16384,8,6144,6144,0.123456,0.127584,0.25104,0.33922211872568564,0.08818211872568565,35.12672033368613
16384,8,7248,8192,0.039264,0.198432,0.237696,0.33665236714008184,0.09895636714008185,41.63148186763002
16384,8,8192,8192,0.118688,0.110368,0.2290559999999999,0.33506299863381983,0.10600699863381993,46.27994841166351
16384,8,10888,32768,0.062368,0.16256,0.224928,0.33089129427849695,0.10596329427849696,47.10987261634699
16384,8,10888,32768,0.057248,0.160512,0.2177599999999999,0.33089129427849695,0.11313129427849705,51.952284293946136
16384,8,122880,122880,0.071648,0.358304,0.429952,0.4888228257752134,0.05887082577521341,13.692418171147805
16384,8,30016,131072,0.0976,0.120768,0.218368,0.38410318343104644,0.16573518343104643,75.8971934674707
16384,8,30016,131072,0.094528,0.10944,0.2039679999999999,0.38410318343104644,0.18013518343104654,88.31541390367441
16384,8,131072,131072,0.083552,0.37328,0.456832,0.5036584071042374,0.046826407104237355,10.25024672182276
16384,16,0,0,0.056448,0.0,0.056448,0.21919903824870435,0.16275103824870435,288.3202916820868
16384,16,0,0,0.05808,0.0,0.05808,0.21919903824870435,0.16111903824870435,277.408812411681
16384,16,3244,1024,0.055424,0.09664,0.152064,0.34900056968588977,0.19693656968588977,129.50900258173516
16384,16,3244,1024,0.053312,0.093248,0.14656,0.34900056968588977,0.20244056968588978,138.12811796253396
16384,16,5338,1024,0.038912,0.428672,0.467584,0.34198460316175705,0.12559939683824295,26.861354716637642
16384,16,11277,6144,0.023456,0.397888,0.421344,0.3315736620856695,0.08977033791433048,21.305711702155598
16384,16,11277,6144,0.043584,0.255968,0.299552,0.3315736620856695,0.03202166208566953,10.68985087252615
16384,16,6475,28672,0.020992,0.107104,0.128096,0.3354790613266463,0.2073830613266463,161.8965942157806
16384,16,6475,28672,0.052928,0.105376,0.158304,0.3354790613266463,0.1771750613266463,111.92077352855662
16384,16,7400,32768,0.022496,0.105248,0.127744,0.33349072613221065,0.20574672613221065,161.06175329738434
16384,16,18016,131072,0.049728,0.09536,0.145088,0.34787309101859565,0.20278509101859565,139.76696282159494
16384,32,0,0,0.031936,0.0,0.031936,0.20089080439924611,0.16895480439924612,529.0418474425292
16384,32,0,0,0.028064,0.0,0.028064,0.20089080439924611,0.1728268043992461,615.8309734864813
16384,32,0,0,0.022336,0.0,0.022336,0.20089080439924611,0.17855480439924612,799.403672990894
16384,32,0,0,0.02992,0.0,0.02992,0.20089080439924611,0.1709708043992461,571.4264852915979
16384,32,512,512,0.02432,0.068256,0.0925759999999999,0.2850134758831775,0.1924374758831776,207.86972420841022
16384,32,1024,1024,0.040512,0.079776,0.120288,0.3052298978371244,0.1849418978371244,153.74924999760938
16384,32,4096,4096,0.015008,0.174496,0.189504,0.34169422675589267,0.15219022675589267,80.30977011350296
16384,32,6144,6144,0.017376,0.160928,0.178304,0.3296357774798473,0.1513317774798473,84.87290104531996
16384,32,17101,28672,0.011808,0.260672,0.27248,0.3096041628636934,0.03712416286369341,13.624545971701925
16384,32,17101,28672,0.026848,0.146368,0.173216,0.3096041628636934,0.1363881628636934,78.73877867153924
16384,32,17101,28672,0.026304,0.143968,0.170272,0.3096041628636934,0.1393321628636934,81.82916913156208
16384,32,122880,122880,0.027328,0.360512,0.38784,0.46919606865032737,0.08135606865032735,20.976709119824502
16384,64,30384,131072,0.015424,0.088768,0.104192,0.31276500884079184,0.20857300884079183,200.18140436961747
16640,65,28672,28672,0.016672,0.157664,0.174336,0.23941438751023192,0.06507838751023193,37.3292879899917
16896,33,0,0,0.019936,0.0,0.019936,0.18086617362644297,0.16093017362644296,807.2340169865719
16896,33,0,0,0.018336,0.0,0.018336,0.18086617362644297,0.16253017362644298,886.3992889749289
16896,33,0,0,0.018816,0.0,0.018816,0.18086617362644297,0.16205017362644297,861.2360418072011
16896,33,512,512,0.018048,0.06384,0.0818879999999999,0.24404504139521066,0.16215704139521075,198.02295989059562
16896,33,28672,28672,0.023552,0.215136,0.2386879999999999,0.28711049576786785,0.048422495767867946,20.286941852069635
16896,33,122880,122880,0.02784,0.360256,0.388096,0.45040747323245967,0.06231147323245967,16.05568550885855
17152,67,28672,28672,0.017088,0.194368,0.211456,0.23570757225414418,0.024251572254144177,11.468850377451657
17408,17,3244,1024,0.025312,0.200544,0.225856,0.3500963549919103,0.12424035499191027,55.008658167996536
17408,17,3244,1024,0.024896,0.20064,0.225536,0.3500963549919103,0.12456035499191029,55.228590997406315
17408,17,11277,6144,0.050144,0.24544,0.295584,0.3128712821559976,0.017287282155997563,5.848517563872727
17408,17,11277,6144,0.049856,0.248832,0.298688,0.3128712821559976,0.014183282155997567,4.748527612758989
17408,17,6475,28672,0.041088,0.104992,0.14608,0.32533781058076094,0.17925781058076096,122.71208281815511
17408,17,6475,28672,0.018752,0.107232,0.1259839999999999,0.32533781058076094,0.19935381058076104,158.23740362328644
17408,17,16890,122880,0.053472,0.068064,0.121536,0.31707280162780993,0.19553680162780993,160.8879686906019
17408,17,16890,122880,0.021376,0.113344,0.13472,0.31707280162780993,0.18235280162780992,135.35688956933635
17408,34,0,0,0.025152,0.0,0.025152,0.17914977670309895,0.15399777670309894,612.2685142457814
17408,34,0,0,0.024032,0.0,0.024032,0.17914977670309895,0.15511777670309895,645.463451660698
17408,34,0,0,0.0192,0.0,0.0192,0.17914977670309895,0.15994977670309896,833.0717536619738
17408,34,5456,2048,0.0288,0.33712,0.3659199999999999,0.3272032252332089,0.03871677476679103,10.58066647540201
17408,34,5456,2048,0.036384,0.343104,0.379488,0.3272032252332089,0.05228477476679111,13.777714912405955
17408,34,5456,2048,0.033152,0.348416,0.381568,0.3272032252332089,0.054364774766791135,14.247729046144103
17408,34,5456,2048,0.033504,0.3384,0.3719039999999999,0.3272032252332089,0.04470077476679102,12.019439093634656
17408,34,5456,2048,0.025248,0.33776,0.363008,0.3272032252332089,0.035804774766791114,9.863356941662751
17408,34,24576,24576,0.02496,0.217216,0.242176,0.28212569297402723,0.03994969297402723,16.496140399555376
17408,34,122880,122880,0.031136,0.365664,0.3968,0.4511474075503301,0.05434740755033013,13.696423273772714
17408,68,28672,28672,0.016256,0.19968,0.215936,0.23387190940546176,0.017935909405461775,8.306122835220517
17664,69,28672,28672,0.016224,0.200064,0.2162879999999999,0.23204834633121685,0.01576034633121695,7.286740980182422
17920,35,122880,122880,0.027648,0.343712,0.37136,0.4517913193014156,0.08043131930141556,21.658584473668558
17920,70,1304,2048,0.022656,0.13328,0.155936,0.20578823090176712,0.04985223090176713,31.969674034069833
17920,70,1304,2048,0.019424,0.142144,0.161568,0.20578823090176712,0.04422023090176713,27.36942395880814
17920,70,16506,24576,0.017024,0.250752,0.2677759999999999,0.23737236766628556,0.030403632333714348,11.354128948716225
17920,70,16506,24576,0.015584,0.260576,0.2761599999999999,0.23737236766628556,0.03878763233371435,14.045347745406417
17920,70,28485,122880,0.015552,0.085248,0.1008,0.26730401639042967,0.16650401639042967,165.18255594288658
17920,70,28485,122880,0.016608,0.084928,0.101536,0.26730401639042967,0.16576801639042965,163.26033760481963
18176,71,1304,2048,0.015936,0.118912,0.134848,0.20264452036093772,0.06779652036093772,50.27625204744432
18176,71,1304,2048,0.017376,0.128032,0.145408,0.20264452036093772,0.05723652036093771,39.36270381336495
18176,71,28485,122880,0.016736,0.084896,0.101632,0.26514689593153484,0.16351489593153484,160.88918444145037
18176,71,28485,122880,0.016192,0.083872,0.100064,0.26514689593153484,0.16508289593153486,164.97731045284502
18432,9,0,0,0.126816,0.0,0.126816,0.2169105090175787,0.09009450901757868,71.04348742869881
18432,9,0,0,0.119648,0.0,0.119648,0.2169105090175787,0.09726250901757869,81.29054310776502
18432,9,0,0,0.087648,0.0,0.087648,0.2169105090175787,0.1292625090175787,147.47913131797495
18432,9,9527,28672,0.03824,0.15264,0.19088,0.3305533836896668,0.1396733836896668,73.17339883155218
18432,9,9527,28672,0.094784,0.15872,0.253504,0.3305533836896668,0.0770493836896668,30.39375461123564
18432,9,10888,32768,0.079904,0.148928,0.228832,0.3290932703999312,0.10026127039993118,43.81435743249685
18432,9,122880,122880,0.068736,0.334688,0.403424,0.4976583852629002,0.09423438526290018,23.358646303368214
18432,9,30016,131072,0.083936,0.087104,0.17104,0.3778206340628225,0.20678063406282252,120.8960676232592
18432,9,131072,131072,0.084128,0.332064,0.416192,0.5140793176049234,0.09788731760492342,23.51974992429538
18432,18,2669,512,0.034176,0.246208,0.280384,0.27865489637491336,0.0017291036250866587,0.6166912609445113
18432,18,2669,512,0.075744,0.063776,0.13952,0.27865489637491336,0.13913489637491336,99.72397962651473
18432,18,5550,24576,0.042976,0.10592,0.148896,0.3313122303642473,0.18241623036424728,122.51251233360688
18432,18,5550,24576,0.040192,0.099552,0.139744,0.3313122303642473,0.19156823036424728,137.0851201942461
18432,18,15764,114688,0.03904,0.117152,0.156192,0.3100386292896893,0.15384662928968929,98.49840535346836
18432,18,15764,114688,0.02672,0.113696,0.140416,0.3100386292896893,0.16962262928968927,120.80007213543276
18432,18,16890,122880,0.050208,0.08304,0.133248,0.3128574005102811,0.1796094005102811,134.79331810629884
18432,18,16890,122880,0.017568,0.142688,0.160256,0.3128574005102811,0.1526014005102811,95.22351769062068
18432,36,3948,1024,0.023776,0.312832,0.336608,0.3442712651220887,0.007663265122088703,2.276614079905618
18432,36,10266,6144,0.024704,0.240544,0.265248,0.2977052930509725,0.0324572930509725,12.236583518432752
18432,36,10266,6144,0.026144,0.269088,0.295232,0.2977052930509725,0.0024732930509724915,0.8377455868511854
18432,36,10266,6144,0.011648,0.352,0.3636479999999999,0.2977052930509725,0.06594270694902743,18.133664133730267
18432,36,14658,24576,0.023744,0.219392,0.243136,0.2843636314047533,0.0412276314047533,16.956613337701246
18432,36,14658,24576,0.025696,0.22256,0.248256,0.2843636314047533,0.03610763140475329,14.544515099233568
18432,36,14658,24576,0.025504,0.223808,0.249312,0.2843636314047533,0.035051631404753286,14.05934387624875
18432,72,1304,2048,0.013888,0.133376,0.147264,0.19953650311481752,0.052272503114817515,35.49577840804101
18432,72,1304,2048,0.00864,0.12944,0.13808,0.19953650311481752,0.06145650311481751,44.50789623031395
18944,74,652,1024,0.02304,0.023616,0.046656,0.15142692319276208,0.10477092319276207,224.56044923002844
18944,74,652,1024,0.020832,0.030176,0.051008,0.15142692319276208,0.10041892319276208,196.86896799082905
18944,74,28672,28672,0.015904,0.239936,0.25584,0.22311811340918553,0.032721886590814486,12.789980687466574
19200,75,652,1024,0.009536,0.080192,0.089728,0.14963120828508636,0.05990320828508636,66.76088655167435
19200,75,652,1024,0.00816,0.080192,0.088352,0.14963120828508636,0.06127920828508636,69.35803183299343
19200,75,28672,28672,0.015776,0.217408,0.233184,0.22137063848660787,0.011813361513392129,5.066111531405297
19456,19,2669,512,0.026784,0.246208,0.272992,0.2709695241572483,0.0020224758427517253,0.7408553520805464
19456,19,15764,114688,0.023136,0.119808,0.142944,0.30632615919621387,0.16338215919621388,114.29801824225842
19456,19,15764,114688,0.044384,0.103552,0.147936,0.30632615919621387,0.15839015919621385,107.06667693882072
19456,76,24576,24576,0.016992,0.221184,0.238176,0.21927994928567784,0.018896050714322155,7.933650205865475
19712,77,24576,24576,0.016704,0.227712,0.244416,0.217754324959742,0.026661675040257987,10.908318211679264
19968,39,2728,1024,0.01344,0.18288,0.19632,0.28390503689498203,0.08758503689498204,44.613405101355966
19968,39,2728,1024,0.01408,0.18288,0.19696,0.28390503689498203,0.08694503689498204,44.14349964205018
19968,39,2728,1024,0.013024,0.18288,0.195904,0.28390503689498203,0.08800103689498204,44.92049008441994
19968,39,2728,1024,0.01392,0.18288,0.1967999999999999,0.28390503689498203,0.08710503689498214,44.26068947915762
19968,39,2728,1024,0.032864,0.057024,0.089888,0.28390503689498203,0.19401703689498204,215.84309017330682
19968,78,2140,1024,0.018208,0.175392,0.1936,0.0797107372151693,0.11388926278483069,58.82709854588363
19968,78,2140,1024,0.021216,0.176512,0.197728,0.0797107372151693,0.11801726278483068,59.68667198617833
19968,78,2140,1024,0.010656,0.194656,0.205312,0.0797107372151693,0.1256012627848307,61.17580208893328
19968,78,26586,114688,0.015328,0.097184,0.112512,0.24341964342795563,0.13090764342795563,116.34993905357263
19968,78,26586,114688,0.017856,0.101536,0.119392,0.24341964342795563,0.12402764342795564,103.88270858010222
20480,5,0,0,0.175424,0.0,0.175424,0.21462197978645303,0.039197979786453035,22.344707557947054
20480,5,0,0,0.174272,0.0,0.174272,0.21462197978645303,0.04034997978645302,23.153449657118195
20480,5,0,0,0.156288,0.0,0.156288,0.21462197978645303,0.05833397978645302,37.324669703658
20480,5,0,0,0.153792,0.0,0.153792,0.21462197978645303,0.06082997978645302,39.55340966139527
20480,5,256,256,0.31072,0.083584,0.394304,0.3184160871341728,0.07588791286582719,19.246041852435482
20480,5,256,256,0.264512,0.14672,0.411232,0.3184160871341728,0.09281591286582719,22.570206809252973
20480,5,386,256,0.257056,0.068608,0.325664,0.31559473019667994,0.010069269803320069,3.091919832502232
20480,5,512,512,0.257184,0.118912,0.376096,0.3181212250544405,0.05797477494555947,15.41488740788508
20480,5,512,512,0.260096,0.119168,0.379264,0.3181212250544405,0.061142774945559475,16.121428594741253
20480,5,512,512,0.249184,0.163072,0.4122559999999999,0.3181212250544405,0.09413477494555939,22.834058193345736
20480,5,512,512,0.25216,0.156576,0.408736,0.3181212250544405,0.09061477494555947,22.16951160298077
20480,5,1649,512,0.248896,0.086112,0.335008,0.32946940506826206,0.005538594931737917,1.6532724387888997
20480,5,1024,1024,0.347488,0.15184,0.499328,0.3492659044690214,0.1500620955309786,30.0528100829472
20480,5,1024,1024,0.33952,0.156576,0.496096,0.3492659044690214,0.1468300955309786,29.597113367368127
20480,5,1024,1024,0.290656,0.12304,0.413696,0.3492659044690214,0.06443009553097861,15.574261179943392
20480,5,1024,1024,0.285184,0.11632,0.4015039999999999,0.3492659044690214,0.05223809553097852,13.01060401166079
20480,5,1024,1024,0.28944,0.117664,0.4071039999999999,0.3492659044690214,0.05783809553097852,14.207203940756791
20480,5,2048,2048,0.341632,0.116736,0.458368,0.35823418320912737,0.10013381679087263,21.845725877651283
20480,5,2048,2048,0.316928,0.116896,0.433824,0.35823418320912737,0.07558981679087262,17.424074461272916
20480,5,2048,2048,0.109504,0.101312,0.210816,0.35823418320912737,0.14741818320912736,69.9274168986829
20480,5,6144,6144,0.283712,0.216448,0.50016,0.34065090905312534,0.1595090909468747,31.891612873255497
20480,5,6144,6144,0.288864,0.19456,0.483424,0.34065090905312534,0.14277309094687468,29.533720077380245
20480,5,6144,6144,0.282816,0.228,0.510816,0.34065090905312534,0.1701650909468747,33.31240426041367
20480,5,8577,6144,0.18768,0.25664,0.44432,0.33465808880959447,0.10966191119040553,24.680840653224145
20480,5,8577,6144,0.073792,0.291296,0.3650879999999999,0.33465808880959447,0.030429911190405445,8.334952447192308
20480,5,8192,8192,0.209728,0.23472,0.444448,0.33513612705423945,0.10931187294576056,24.594974652998904
20480,5,8192,8192,0.282208,0.14176,0.423968,0.33513612705423945,0.08883187294576056,20.95249475096247
20480,5,11436,8192,0.160896,0.220832,0.381728,0.32974014261949947,0.051987857380500546,13.619084107139257
20480,5,11436,8192,0.157024,0.218432,0.375456,0.32974014261949947,0.045715857380500546,12.176089177027546
20480,5,8085,28672,0.17424,0.125056,0.299296,0.33196804500962696,0.03267204500962695,10.916298583885835
20480,5,8085,28672,0.168352,0.123008,0.29136,0.33196804500962696,0.04060804500962695,13.937412482711062
20480,5,28672,28672,0.187264,0.355584,0.542848,0.3304405824057626,0.21240741759423742,39.128341192053284
20480,5,28672,28672,0.14176,0.446336,0.588096,0.3304405824057626,0.2576554175942374,43.811795624224175
20480,5,9240,32768,0.097888,0.125088,0.222976,0.32946107895130883,0.10648507895130882,47.75629617147532
20480,5,32768,32768,0.16416,0.282976,0.447136,0.3346215452380541,0.11251445476194588,25.16336299513926
20480,5,32768,32768,0.19856,0.188992,0.387552,0.3346215452380541,0.05293045476194591,13.65763942953356
20480,5,12615,122880,0.17888,0.07968,0.25856,0.319891750185751,0.06133175018575099,23.720509818127702
20480,5,12615,122880,0.193248,0.093888,0.287136,0.319891750185751,0.032755750185751,11.407747612891104
20480,5,13456,131072,0.1752,0.048864,0.2240639999999999,0.3210733921190929,0.09700939211909301,43.29539422624476
20480,5,131072,131072,0.195904,0.308736,0.50464,0.5231203492718994,0.018480349271899454,3.662085699092314
20480,10,0,0,0.16832,0.0,0.16832,0.21462197978645303,0.046301979786453035,27.508305481495388
20480,10,0,0,0.165728,0.0,0.165728,0.21462197978645303,0.048893979786453046,29.50254621213859
20480,10,612,256,0.087008,0.164736,0.2517439999999999,0.31015076166265576,0.05840676166265585,23.20085549711448
20480,10,612,256,0.152224,0.0,0.152224,0.31015076166265576,0.15792676166265576,103.74629602602465
20480,10,512,512,0.143616,0.167616,0.3112319999999999,0.3181212250544405,0.0068892250544406175,2.213533651565591
20480,10,512,512,0.141824,0.165632,0.307456,0.3181212250544405,0.010665225054440508,3.468862228884949
20480,10,1224,512,0.100992,0.207232,0.308224,0.322836867883864,0.014612867883864011,4.740989632171411
20480,10,1224,512,0.1104,0.203264,0.313664,0.322836867883864,0.009172867883864011,2.924424825247402
20480,10,767,1024,0.172608,0.014848,0.187456,0.33835400795196247,0.15089800795196245,80.49782773128757
20480,10,767,1024,0.154016,0.010624,0.1646399999999999,0.33835400795196247,0.17371400795196257,105.51142368316488
20480,10,767,1024,0.091424,0.108544,0.199968,0.33835400795196247,0.13838600795196246,69.20407662824175
20480,10,767,1024,0.089216,0.10864,0.197856,0.33835400795196247,0.14049800795196246,71.010233681042
20480,10,767,1024,0.091968,0.108576,0.200544,0.33835400795196247,0.13781000795196247,68.71809076908932
20480,10,1534,2048,0.111232,0.199968,0.3112,0.36122291237601,0.05002291237601003,16.074200634964665
20480,10,1534,2048,0.115712,0.188896,0.304608,0.36122291237601,0.05661491237601002,18.586154131214553
20480,10,1534,2048,0.11264,0.183392,0.296032,0.36122291237601,0.06519091237600999,22.021576172849553
20480,10,1534,2048,0.106816,0.191968,0.298784,0.36122291237601,0.062438912376010014,20.897676038880935
20480,10,1534,2048,0.122688,0.18288,0.305568,0.36122291237601,0.05565491237601,18.2135931694451
20480,10,2048,2048,0.149216,0.22736,0.376576,0.35823418320912737,0.018341816790872656,4.870681294313141
20480,10,2048,2048,0.149152,0.226048,0.3752,0.35823418320912737,0.016965816790872612,4.521806180936197
20480,10,8192,8192,0.138688,0.140384,0.279072,0.33513612705423945,0.056064127054239465,20.08948481189065
20480,10,8192,8192,0.13328,0.15648,0.28976,0.33513612705423945,0.045376127054239435,15.659900281004774
20480,10,8166,24576,0.052736,0.155584,0.20832,0.3324990551412057,0.1241790551412057,59.60976149251426
20480,10,8166,24576,0.054912,0.15168,0.206592,0.3324990551412057,0.1259070551412057,60.94478737860406
20480,10,9527,28672,0.037856,0.158496,0.196352,0.32967916011231413,0.13332716011231413,67.90211462695268
20480,10,9527,28672,0.086464,0.109088,0.195552,0.32967916011231413,0.13412716011231413,68.58899940287705
20480,10,10888,32768,0.040288,0.154752,0.19504,0.32765277886329436,0.13261277886329437,67.99260606198439
20480,10,32768,32768,0.083552,0.217184,0.300736,0.3346215452380541,0.03388554523805409,11.26753871769728
20480,10,114688,114688,0.071232,0.29536,0.366592,0.4874006250658307,0.12080862506583073,32.95451757425987
20480,10,28140,122880,0.08112,0.140992,0.222112,0.3624398417093482,0.14032784170934817,63.17886548648798
20480,10,28140,122880,0.100992,0.08304,0.184032,0.3624398417093482,0.17840784170934817,96.9439237248675
20480,10,122880,122880,0.068512,0.315616,0.384128,0.5051709167378826,0.12104291673788259,31.511089204088893
20480,10,30016,131072,0.075328,0.1064,0.181728,0.37099902365662407,0.18927102365662407,104.15072176914073
20480,20,0,0,0.065312,0.0,0.065312,0.1917366874747426,0.12642468747474261,193.57038136137712
20480,20,0,0,0.061856,0.0,0.061856,0.1917366874747426,0.1298806874747426,209.97265822998997
20480,20,7518,4096,0.05072,0.378368,0.4290879999999999,0.3257574186467327,0.10333058135326723,24.08144281668731
20480,20,32768,32768,0.044704,0.214944,0.259648,0.30472575011358316,0.04507775011358317,17.361100456611712
20480,20,15764,114688,0.033408,0.118976,0.152384,0.30277364471150925,0.15038964471150926,98.6912305173176
20480,40,1974,512,0.014912,0.183072,0.197984,0.16735662181887,0.030627378181129983,15.469622889289026
20480,40,1974,512,0.039872,0.068672,0.108544,0.16735662181887,0.05881262181887001,54.18320848583985
20480,40,32768,32768,0.023808,0.264,0.287808,0.274829954989114,0.012978045010886008,4.509271809986521
20992,41,1974,512,0.014912,0.18304,0.197952,0.1634134698154739,0.0345385301845261,17.447931915073404
20992,41,32768,32768,0.024256,0.283136,0.307392,0.27255728414142766,0.03483471585857234,11.332343020824336
20992,82,1070,512,0.008704,0.111936,0.12064,0.0012682213684733767,0.11937177863152662,98.94875549695509
20992,82,1070,512,0.00832,0.111936,0.1202559999999999,0.0012682213684733767,0.11898777863152653,98.94539867576388
20992,82,1070,512,0.021568,0.015968,0.037536,0.0012682213684733767,0.03626777863152662,96.62131988364936
21504,21,0,0,0.029024,0.0,0.029024,0.18944815824361605,0.16042415824361606,552.729321401654
21504,21,0,0,0.034464,0.0,0.034464,0.18944815824361605,0.15498415824361605,449.69869499656465
21504,21,32768,32768,0.043392,0.261984,0.305376,0.30153937527894925,0.00383662472105073,1.2563609193422962
21504,42,6844,4096,0.025024,0.390784,0.415808,0.3206517583705235,0.0951562416294765,22.88465869571449
22016,43,114688,114688,0.023616,0.298592,0.322208,0.4340544996564155,0.11184649965641552,34.712514790574886
22016,86,0,0,0.012416,0.0,0.012416,0.08989713668783139,0.0774811366878314,624.0426601790543
22016,86,0,0,0.008992,0.0,0.008992,0.08989713668783139,0.08090513668783139,899.745737186737
22016,86,0,0,0.008128,0.0,0.008128,0.08989713668783139,0.0817691366878314,1006.0179218483194
22016,86,0,0,0.009504,0.0,0.009504,0.08989713668783139,0.08039313668783139,845.8873809746569
22528,11,0,0,0.088544,0.0,0.088544,0.21233345055532737,0.12378945055532738,139.80557751550347
22528,11,0,0,0.083648,0.0,0.083648,0.21233345055532737,0.12868545055532737,153.84163465393956
22528,11,256,256,0.144064,0.082848,0.226912,0.31604170498695083,0.08912970498695083,39.27941448092248
22528,11,256,256,0.125344,0.080832,0.206176,0.31604170498695083,0.10986570498695084,53.28733945122169
22528,11,612,256,0.040128,0.164736,0.204864,0.30740741281074246,0.10254341281074247,50.05438379156048
22528,11,612,256,0.112,0.027968,0.139968,0.30740741281074246,0.16743941281074246,119.62692387598767
22528,11,512,512,0.109184,0.103968,0.213152,0.31536937740875093,0.10221737740875092,47.955157544264615
22528,11,512,512,0.127136,0.084832,0.211968,0.31536937740875093,0.10340137740875094,48.781597886827704
22528,11,512,512,0.123776,0.10032,0.224096,0.31536937740875093,0.09127337740875094,40.72958794835738
22528,11,1024,1024,0.147104,0.130368,0.277472,0.34448699152170104,0.06701499152170104,24.15198345119545
22528,11,1024,1024,0.138144,0.13056,0.268704,0.34448699152170104,0.07578299152170104,28.20314975649824
22528,11,1024,1024,0.110272,0.130144,0.240416,0.34448699152170104,0.10407099152170105,43.287880807309435
22528,11,1024,1024,0.112928,0.130112,0.24304,0.34448699152170104,0.10144699152170103,41.74086221268146
22528,11,2048,2048,0.127904,0.212032,0.339936,0.3602523464325511,0.02031634643255109,5.976521001762417
22528,11,2048,2048,0.16048,0.119392,0.279872,0.3602523464325511,0.0803803464325511,28.720395906897117
22528,11,6144,6144,0.093824,0.330592,0.424416,0.34164653653723676,0.08276946346276326,19.501965869044348
22528,11,6144,6144,0.0912,0.333152,0.424352,0.34164653653723676,0.08270546346276325,19.489825301344933
22528,11,8192,8192,0.135872,0.178176,0.314048,0.33553258750487025,0.021484587504870256,6.841179534615809
22528,11,32768,32768,0.091712,0.184416,0.276128,0.33093035612111343,0.05480235612111345,19.846721854036335
22528,11,114688,114688,0.101696,0.29376,0.395456,0.49226527397148745,0.09680927397148748,24.48041601884596
22528,11,28140,122880,0.089216,0.082272,0.171488,0.355443735420752,0.18395573542075203,107.27032528267402
22528,11,28140,122880,0.065664,0.175904,0.241568,0.355443735420752,0.11387573542075202,47.1402401894092
22528,11,122880,122880,0.090912,0.295488,0.3863999999999999,0.5114635634311364,0.1250635634311365,32.36634664366888
22528,11,122880,122880,0.071232,0.308704,0.379936,0.5114635634311364,0.13152756343113642,34.618347150871834
22528,22,0,0,0.0448,0.0,0.0448,0.18715962901249128,0.14235962901249127,317.76702904573943
22528,22,0,0,0.044928,0.0,0.044928,0.18715962901249128,0.14223162901249128,316.5768095897687
22528,22,512,512,0.079168,0.075168,0.154336,0.26892066574686524,0.11458466574686524,74.2436409825739
22528,22,512,512,0.090368,0.070784,0.161152,0.26892066574686524,0.10776866574686525,66.87392384014177
22528,22,2048,2048,0.073312,0.161984,0.235296,0.37111918696204427,0.13582318696204426,57.7243926637275
22528,22,2048,2048,0.070304,0.17232,0.242624,0.37111918696204427,0.12849518696204426,52.960625066788225
22528,22,8192,8192,0.067616,0.198176,0.265792,0.32297582872707054,0.05718382872707056,21.514503343618532
22528,22,32768,32768,0.047168,0.188448,0.235616,0.29840371050282677,0.06278771050282678,26.648322059124496
22528,44,0,0,0.022688,0.0,0.022688,0.16198580746965519,0.1392978074696552,613.9712952647003
22528,44,0,0,0.016416,0.0,0.016416,0.16198580746965519,0.1455698074696552,886.7556497907846
22528,44,8192,8192,0.030944,0.223776,0.25472,0.31041906994926904,0.05569906994926904,21.866783114505747
22528,44,114688,114688,0.024288,0.29248,0.316768,0.4335568701231933,0.11678887012319333,36.86889778108689
22528,88,8192,8192,0.018336,0.12816,0.146496,0.272748793615861,0.12625279361586103,86.18173439265307
22784,89,8192,8192,0.020416,0.139104,0.15952,0.27325933090926213,0.11373933090926214,71.30098477260665
23040,45,0,0,0.024128,0.0,0.024128,0.16026941054631116,0.13614141054631115,564.2465622774832
23040,45,0,0,0.021216,0.0,0.021216,0.16026941054631116,0.13905341054631115,655.4176590606672
23040,45,8192,8192,0.034592,0.171712,0.206304,0.31091211302047483,0.10460811302047485,50.70580939801208
23040,45,114688,114688,0.029504,0.292064,0.3215679999999999,0.4329875585638723,0.11141955856387237,34.648832770634016
23040,90,8192,8192,0.015808,0.16624,0.182048,0.27378596662311594,0.09173796662311595,50.39218591971127
23296,91,2048,2048,0.021024,0.113536,0.13456,0.08663665748057525,0.04792334251942476,35.614850267111144
23296,91,122880,122880,0.016288,0.297568,0.313856,0.3628835628161422,0.04902756281614218,15.621037296130128
23552,23,256,256,0.042784,0.07632,0.119104,0.27742897047473924,0.15832497047473926,132.9300195415261
23552,23,256,256,0.045952,0.07424,0.120192,0.27742897047473924,0.15723697047473925,130.82149433800856
23552,23,512,512,0.050112,0.10576,0.155872,0.26635070128833505,0.11047870128833504,70.8778364865627
23552,23,512,512,0.047296,0.086336,0.133632,0.26635070128833505,0.13271870128833504,99.31655687884268
23552,23,512,512,0.044192,0.079488,0.12368,0.26635070128833505,0.14267070128833503,115.35470673377671
23552,23,1024,1024,0.042272,0.131744,0.174016,0.2765134237453992,0.10249742374539922,58.90114917329395
23552,23,1024,1024,0.041728,0.13312,0.174848,0.2765134237453992,0.10166542374539922,58.14503096712529
23552,23,2048,2048,0.048736,0.13584,0.184576,0.3731640186467331,0.1885880186467331,102.17364047694886
23552,23,2048,2048,0.064,0.136768,0.200768,0.3731640186467331,0.1723960186467331,85.86827514680282
23552,23,8192,8192,0.070624,0.12176,0.192384,0.3236209813904214,0.1312369813904214,68.21616214987806
23552,23,32768,32768,0.049312,0.177024,0.2263359999999999,0.2953239966429919,0.06898799664299202,30.480346318302015
23552,23,122880,122880,0.035712,0.459168,0.49488,0.48365184119118787,0.011228158808812116,2.2688649387350703
23552,46,0,0,0.019744,0.0,0.019744,0.15855301362296537,0.13880901362296535,703.0440317208536
23552,46,0,0,0.01232,0.0,0.01232,0.15855301362296537,0.14623301362296537,1186.9562794071865
23552,46,0,0,0.022336,0.0,0.022336,0.15855301362296537,0.13621701362296537,609.8541082690068
23552,46,256,256,0.0184,0.063424,0.081824,0.2399980025394921,0.1581740025394921,193.31003439026705
23552,46,256,256,0.03696,0.028576,0.065536,0.2399980025394921,0.17446200253949212,266.207889617145
23552,46,512,512,0.039776,0.07216,0.111936,0.21867994364952636,0.10674394364952637,95.36158487843623
23552,46,1024,1024,0.02304,0.123168,0.146208,0.21079530337458507,0.06458730337458507,44.17494485567484
23552,46,1024,1024,0.022016,0.111328,0.133344,0.21079530337458507,0.07745130337458508,58.08383082447286
23552,46,2048,2048,0.044928,0.143712,0.18864,0.36219895922372913,0.17355895922372913,92.00538550876226
23552,46,8192,8192,0.031424,0.102016,0.13344,0.31143729706942125,0.17799729706942125,133.39125979423054
23552,46,114688,114688,0.024544,0.299264,0.323808,0.43234833293133423,0.10854033293133425,33.51996644040118
23552,46,122880,122880,0.026048,0.366304,0.392352,0.45312131553714075,0.06076931553714077,15.488468400095009
23552,92,512,512,0.017568,0.04352,0.061088,0.07566767073310032,0.01457967073310032,23.866668958061023
23552,92,1024,1024,0.018816,0.073184,0.092,0.013640942262131972,0.07835905773786803,85.17288884550872
23552,92,2048,2048,0.017728,0.120384,0.138112,0.0824587056876851,0.055653294312314916,40.29577032576091
23552,92,122880,122880,0.01552,0.342592,0.358112,0.36152973857499937,0.003417738574999385,0.9543770035629593
23808,93,256,256,0.010848,0.062496,0.073344,0.12595590148301028,0.05261190148301027,71.73306812146906
23808,93,512,512,0.020192,0.066848,0.08704,0.0738107100233556,0.01322928997664441,15.199092344490358
23808,93,1024,1024,0.02208,0.066464,0.088544,0.011316275610930404,0.0772277243890696,87.21960199343783
23808,93,2048,2048,0.018624,0.120576,0.1392,0.07831806998687085,0.06088193001312914,43.73701868759278
23808,93,122880,122880,0.016864,0.291744,0.308608,0.3601555885137575,0.051547588513757514,16.703257373029057
24064,47,0,0,0.024032,0.0,0.024032,0.15683661669962312,0.13280461669962312,552.6157485836515
24064,47,0,0,0.020064,0.0,0.020064,0.15683661669962312,0.13677261669962312,681.6817020515507
24064,47,256,256,0.01856,0.06592,0.08448,0.2382450841455963,0.1537650841455963,182.0135939223441
24064,47,256,256,0.016096,0.063552,0.079648,0.2382450841455963,0.1585970841455963,199.12249415628304
24064,47,512,512,0.01808,0.07344,0.09152,0.2167947599497495,0.12527475994974951,136.8823863087298
24064,47,512,512,0.021888,0.071904,0.093792,0.2167947599497495,0.1230027599497495,131.14419134867526
24064,47,1024,1024,0.01744,0.095712,0.113152,0.2082812095965778,0.09512920959657781,84.0720531643964
24064,47,2048,2048,0.035136,0.106368,0.141504,0.3570852196710348,0.2155812196710348,152.34991213749066
24064,47,8192,8192,0.033184,0.189248,0.222432,0.3119933565446189,0.08956135654461891,40.26460066205353
24064,47,114688,114688,0.030624,0.294848,0.325472,0.43164092079684124,0.10616892079684126,32.6199859886077
24064,47,122880,122880,0.025312,0.366208,0.39152,0.452768452074924,0.06124845207492402,15.643760746558035
24064,94,0,0,0.019456,0.0,0.019456,0.07616596130107922,0.05670996130107922,291.47800833202723
24064,94,0,0,0.013632,0.0,0.013632,0.07616596130107922,0.06253396130107922,458.72917621096843
24064,94,256,256,0.009248,0.060832,0.07008,0.12420738708123835,0.05412738708123835,77.23656832368485
24064,94,512,512,0.008768,0.060512,0.06928,0.07195659591111436,0.0026765959111143683,3.8634467539179687
24064,94,1024,1024,0.022272,0.061536,0.083808,0.009003083405577428,0.07480491659442257,89.25748925451337
24064,94,2048,2048,0.019104,0.090432,0.109536,0.07421398565582393,0.03532201434417606,32.246945610736255
24064,94,122880,122880,0.015968,0.342656,0.358624,0.35876137988174506,0.00013737988174505888,0.038307498032774966
24320,95,0,0,0.009312,0.0,0.009312,0.07444956437773342,0.06513756437773342,699.5013356715359
24320,95,0,0,0.010432,0.0,0.010432,0.07444956437773342,0.06401756437773343,613.6653027006655
24320,95,256,256,0.009824,0.04352,0.053344,0.12245953442703694,0.06911553442703694,129.56571390791268
24320,95,512,512,0.00928,0.054464,0.063744,0.0701052428615263,0.006361242861526312,9.979359408769943
24320,95,1024,1024,0.008352,0.088992,0.097344,0.006701046109377273,0.09064295389062273,93.11611798428534
24320,95,2048,2048,0.025824,0.062656,0.08848,0.07014570487101679,0.018334295128983213,20.721400462232385
24320,95,6144,6144,0.009184,0.197632,0.206816,0.3142556315511058,0.10743963155110581,51.949380875321935
24320,95,28672,28672,0.034048,0.254048,0.288096,0.15558575867263968,0.13251024132736033,45.99516873797634
24576,3,0,0,0.336896,0.0,0.336896,0.21004492132420172,0.12685107867579826,37.652889519554485
24576,3,0,0,0.3336,0.0,0.3336,0.21004492132420172,0.12355507867579829,37.03689408746951
24576,3,0,0,0.395808,0.0,0.395808,0.21004492132420172,0.18576307867579828,46.932623563899234
24576,3,0,0,0.368352,0.0,0.368352,0.21004492132420172,0.1583070786757983,42.97711935208667
24576,3,0,0,0.306304,0.0,0.306304,0.21004492132420172,0.0962590786757983,31.425994657529216
24576,3,0,0,0.448288,0.0,0.448288,0.21004492132420172,0.2382430786757983,53.14509392975013
24576,3,0,0,0.460032,0.0,0.460032,0.21004492132420172,0.24998707867579828,54.341236843480075
24576,3,256,256,0.39056,0.084,0.47456,0.3136812037173202,0.16087879628267976,33.9006229523516
24576,3,1151,256,0.31776,0.137312,0.455072,0.29523289947354137,0.1598391005264586,35.12391457317933
24576,3,512,512,0.393408,0.092544,0.485952,0.31268932619152334,0.17326267380847665,35.65427733777753
24576,3,512,512,0.412608,0.08816,0.500768,0.31268932619152334,0.18807867380847665,37.558045603648125
24576,3,512,512,0.3912,0.092416,0.483616,0.31268932619152334,0.17092667380847665,35.34346957265199
24576,3,1137,512,0.293024,0.158656,0.4516799999999999,0.3123313985378351,0.13934860146216482,30.851178148725833
24576,3,1024,1024,0.326336,0.123264,0.4496,0.34005335771611644,0.10954664228388356,24.36535637986734
24576,3,1024,1024,0.401184,0.11376,0.514944,0.34005335771611644,0.1748906422838835,33.963041084833215
24576,3,3882,1024,0.353024,0.24336,0.596384,0.3529190682881893,0.24346493171181072,40.823518355926836
24576,3,3882,1024,0.353792,0.243328,0.59712,0.3529190682881893,0.24420093171181068,40.89645828507012
24576,3,2048,2048,0.295168,0.184448,0.479616,0.36230036162841195,0.11731563837158804,24.46032625508491
24576,3,2048,2048,0.294752,0.184352,0.479104,0.36230036162841195,0.11680363837158803,24.37959991392016
24576,3,7764,2048,0.430016,0.314432,0.744448,0.3386114134034548,0.4058365865965452,54.51510200800394
24576,3,7764,2048,0.201984,0.474336,0.67632,0.3386114134034548,0.33770858659654523,49.93325446483103
24576,3,6144,6144,0.340768,0.253344,0.594112,0.3427865096532381,0.2513254903467619,42.30271234157228
24576,3,6144,6144,0.319808,0.234784,0.554592,0.3427865096532381,0.21180549034676188,38.19122712674577
24576,3,8192,8192,0.291872,0.21936,0.511232,0.3361209818175279,0.1751110181824721,34.252749863559416
24576,3,8192,8192,0.312512,0.22496,0.537472,0.3361209818175279,0.20135101818247203,37.46260608598625
24576,3,22248,24576,0.322496,0.321888,0.6443840000000001,0.3210418871238607,0.32334211287613934,50.178482531555616
24576,3,22248,24576,0.226624,0.159488,0.386112,0.3210418871238607,0.06507011287613929,16.852652307138676
24576,3,25956,28672,0.296384,0.313408,0.609792,0.3225428023540857,0.2872491976459143,47.1060948070677
24576,3,25956,28672,0.326016,0.157344,0.48336,0.3225428023540857,0.1608171976459143,33.270688026711824
24576,3,28672,28672,0.323968,0.318432,0.6424,0.3236707587611294,0.3187292412388706,49.615386245154205
24576,3,28672,28672,0.395648,0.147392,0.54304,0.3236707587611294,0.21936924123887058,40.39651613856633
24576,3,32768,32768,0.375872,0.234624,0.6104959999999999,0.3272922543146306,0.2832037456853693,46.389123873927
24576,3,122880,122880,0.305184,0.318176,0.62336,0.5166311503653116,0.10672884963468843,17.121542870041136
24576,3,122880,122880,0.303552,0.32112,0.624672,0.5166311503653116,0.10804084963468841,17.29561267908413
24576,3,131072,131072,0.36752,0.304864,0.6723840000000001,0.537458716234267,0.1349252837657331,20.06670054102017
24576,6,0,0,0.325632,0.0,0.325632,0.21004492132420172,0.11558707867579826,35.49622846519945
24576,6,0,0,0.285312,0.0,0.285312,0.21004492132420172,0.0752670786757983,26.38062145153316
24576,6,0,0,0.292224,0.0,0.292224,0.21004492132420172,0.08217907867579827,28.121947093941042
24576,6,0,0,0.300864,0.0,0.300864,0.21004492132420172,0.0908190786757983,30.186090285244592
24576,6,0,0,0.153856,0.0,0.153856,0.21004492132420172,0.056188921324201724,36.52046155119184
24576,6,0,0,0.148448,0.0,0.148448,0.21004492132420172,0.06159692132420172,41.49393816299426
24576,6,0,0,0.175456,0.0,0.175456,0.21004492132420172,0.034588921324201716,19.713729552823338
24576,6,0,0,0.165856,0.0,0.165856,0.21004492132420172,0.04418892132420171,26.642944074499393
24576,6,256,256,0.239808,0.078624,0.318432,0.3136812037173202,0.00475079628267977,1.4919343164882204
24576,6,256,256,0.236768,0.079968,0.316736,0.3136812037173202,0.0030547962826797947,0.9644613440467122
24576,6,512,512,0.314176,0.085792,0.399968,0.31268932619152334,0.08727867380847665,21.82141416525238
24576,6,512,512,0.31664,0.086752,0.403392,0.31268932619152334,0.09070267380847663,22.48499568867916
24576,6,512,512,0.241248,0.094304,0.3355519999999999,0.31268932619152334,0.022862673808476563,6.813451807313492
24576,6,512,512,0.231936,0.090784,0.32272,0.31268932619152334,0.010030673808476664,3.108166152849735
24576,6,1024,1024,0.2152,0.157504,0.372704,0.34005335771611644,0.032650642283883535,8.760475413165283
24576,6,1024,1024,0.220512,0.15168,0.372192,0.34005335771611644,0.03213864228388358,8.6349632135789
24576,6,1024,1024,0.300992,0.024352,0.3253439999999999,0.34005335771611644,0.014709357716116533,4.521170735011722
24576,6,1024,1024,0.30912,0.031776,0.340896,0.34005335771611644,0.0008426422838835324,0.24718456182634363
24576,6,1024,1024,0.307136,0.026816,0.333952,0.34005335771611644,0.006101357716116418,1.8270163724476625
24576,6,2048,2048,0.2736,0.171136,0.444736,0.36230036162841195,0.08243563837158807,18.535859110031137
24576,6,2048,2048,0.272576,0.173568,0.446144,0.36230036162841195,0.08384363837158804,18.792954376073205
24576,6,2048,2048,0.016224,0.103008,0.119232,0.36230036162841195,0.24306836162841194,203.86168279355536
24576,6,4096,4096,0.264544,0.219872,0.484416,0.3513536729791191,0.1330623270208809,27.468606945452024
24576,6,5718,4096,0.163584,0.357952,0.521536,0.3447424103311487,0.17679358966885128,33.89863588876919
24576,6,6144,6144,0.287136,0.18176,0.468896,0.3427865096532381,0.1261094903467619,26.894981050544658
24576,6,6144,6144,0.272992,0.111936,0.384928,0.3427865096532381,0.0421414903467619,10.947889045941553
24576,6,8577,6144,0.164992,0.20272,0.367712,0.33555219526752555,0.03215980473247443,8.745922007569627
24576,6,8577,6144,0.166848,0.202656,0.369504,0.33555219526752555,0.033951804732474444,9.188480972458876
24576,6,8192,8192,0.2512,0.199936,0.451136,0.3361209818175279,0.11501501818247206,25.494533396242392
24576,6,8192,8192,0.276064,0.101824,0.377888,0.3361209818175279,0.04176701818247208,11.052750598714985
24576,6,11436,8192,0.126464,0.29264,0.419104,0.32915726156530667,0.08994673843469331,21.461675010186806
24576,6,6930,24576,0.155584,0.131456,0.2870399999999999,0.3361170699943514,0.04907706999435152,17.097641441733394
24576,6,6930,24576,0.159584,0.134848,0.294432,0.3361170699943514,0.0416850699943514,14.157791950043267
24576,6,24576,24576,0.196704,0.237856,0.43456,0.3213752478244887,0.11318475217551133,26.045828464541447
24576,6,24576,24576,0.19184,0.182848,0.374688,0.3213752478244887,0.053312752175511346,14.228572085444782
24576,6,8085,28672,0.07824,0.125184,0.203424,0.33197877162166733,0.12855477162166734,63.19547920681303
24576,6,8085,28672,0.174272,0.069184,0.243456,0.33197877162166733,0.08852277162166733,36.36089134039306
24576,6,28672,28672,0.18768,0.190624,0.378304,0.3236707587611294,0.05463324123887059,14.44162399521829
24576,6,28672,28672,0.192864,0.155776,0.34864,0.3236707587611294,0.02496924123887062,7.161898014820624
24576,6,9240,32768,0.124512,0.120512,0.245024,0.32850991169536936,0.08348591169536937,34.07254460598528
24576,6,32768,32768,0.191808,0.183328,0.375136,0.3272922543146306,0.04784374568536942,12.753706838418443
24576,6,32768,32768,0.166208,0.253888,0.420096,0.3272922543146306,0.09280374568536942,22.09108053525133
24576,6,11774,114688,0.161472,0.089792,0.251264,0.3112045939672292,0.05994059396722923,23.85562355420165
24576,6,11774,114688,0.161856,0.090688,0.252544,0.3112045939672292,0.058660593967229224,23.22787077389652
24576,6,12615,122880,0.158816,0.044288,0.203104,0.3104221108512961,0.10731811085129611,52.83899423511901
24576,6,12615,122880,0.159296,0.04432,0.203616,0.3104221108512961,0.10680611085129613,52.4546749033947
24576,6,122880,122880,0.1984,0.289568,0.4879679999999999,0.5166311503653116,0.028663150365311696,5.873981565453412
24576,6,122880,122880,0.12112,0.43184,0.55296,0.5166311503653116,0.03632884963468841,6.569887448402851
24576,6,13456,131072,0.123808,0.077216,0.201024,0.31031747098061224,0.10929347098061223,54.36836943877956
24576,6,131072,131072,0.141632,0.3216,0.463232,0.537458716234267,0.07422671623426702,16.023659037861595
24576,12,0,0,0.129632,0.0,0.129632,0.21004492132420172,0.08041292132420172,62.03169072775373
24576,12,0,0,0.139584,0.0,0.139584,0.21004492132420172,0.0704609213242017,50.47922492850305
24576,12,0,0,0.141344,0.0,0.141344,0.21004492132420172,0.06870092132420172,48.605474108700555
24576,12,0,0,0.138816,0.0,0.138816,0.21004492132420172,0.07122892132420172,51.31175176074928
24576,12,256,256,0.090912,0.080576,0.171488,0.3136812037173202,0.14219320371732022,82.91729084094527
24576,12,256,256,0.077088,0.073152,0.1502399999999999,0.3136812037173202,0.16344120371732032,108.78674368831231
24576,12,512,512,0.138304,0.07312,0.211424,0.31268932619152334,0.10126532619152334,47.89679799432578
24576,12,512,512,0.072096,0.083936,0.156032,0.31268932619152334,0.15665732619152334,100.40076791396851
24576,12,512,512,0.08432,0.082368,0.166688,0.31268932619152334,0.14600132619152334,87.58958424813024
24576,12,1024,1024,0.08656,0.138304,0.224864,0.34005335771611644,0.11518935771611644,51.226233508305654
24576,12,1024,1024,0.08512,0.1496,0.23472,0.34005335771611644,0.10533335771611643,44.876174896095954
24576,12,1024,1024,0.154304,0.019104,0.173408,0.34005335771611644,0.16664535771611644,96.10015553845061
24576,12,1024,1024,0.139456,0.006144,0.1456,0.34005335771611644,0.19445335771611644,133.55313029953052
24576,12,2048,2048,0.138368,0.144544,0.282912,0.36230036162841195,0.07938836162841195,28.061150332404406
24576,12,2048,2048,0.126656,0.128352,0.255008,0.36230036162841195,0.10729236162841194,42.074115960445134
24576,12,4096,4096,0.13744,0.232704,0.370144,0.3513536729791191,0.018790327020880848,5.076491046965735
24576,12,6144,6144,0.14448,0.200672,0.345152,0.3427865096532381,0.0023654903467619226,0.6853474257028562
24576,12,6144,6144,0.141376,0.106784,0.24816,0.3427865096532381,0.0946265096532381,38.131249860266806
24576,12,8192,8192,0.136416,0.088224,0.22464,0.3361209818175279,0.11148098181752791,49.62650543871435
24576,12,28672,28672,0.077088,0.359616,0.436704,0.3236707587611294,0.1130332412388706,25.883262172746434
24576,12,32768,32768,0.094208,0.161536,0.255744,0.3272922543146306,0.07154825431463058,27.976513355007576
24576,12,26264,114688,0.087264,0.1024,0.189664,0.34104946751467224,0.15138546751467225,79.81771317417761
24576,12,26264,114688,0.088288,0.118048,0.206336,0.34104946751467224,0.13471346751467225,65.28839732992412
24576,12,114688,114688,0.094528,0.291296,0.385824,0.49607097423322255,0.11024697423322255,28.57442103996189
24576,12,122880,122880,0.069248,0.377312,0.4465599999999999,0.5166311503653116,0.0700711503653117,15.691318157764178
24576,24,0,0,0.050016,0.0,0.050016,0.18258257055023996,0.13256657055023996,265.04832563627633
24576,24,0,0,0.062592,0.0,0.062592,0.18258257055023996,0.11999057055023997,191.70272646702452
24576,24,0,0,0.049888,0.0,0.049888,0.18258257055023996,0.13269457055023998,265.984947382617
24576,24,0,0,0.061344,0.0,0.061344,0.18258257055023996,0.12123857055023995,197.6372107300469
24576,24,256,256,0.03616,0.06624,0.1023999999999999,0.2750874276297477,0.17268742762974781,168.6400660446758
24576,24,256,256,0.04704,0.014976,0.062016,0.2750874276297477,0.21307142762974768,343.5749284535405
24576,24,512,512,0.032928,0.078304,0.111232,0.2638027746991831,0.15257077469918312,137.16446229428863
24576,24,512,512,0.031744,0.072544,0.1042879999999999,0.2638027746991831,0.15951477469918324,152.95602053849282
24576,24,512,512,0.034912,0.071168,0.10608,0.2638027746991831,0.1577227746991831,148.6828569939509
24576,24,1024,1024,0.076224,0.060192,0.136416,0.27292465734317517,0.13650865734317516,100.06792263603622
24576,24,1024,1024,0.077312,0.061312,0.138624,0.27292465734317517,0.13430065734317517,96.88124519792761
24576,24,1024,1024,0.046912,0.111456,0.158368,0.27292465734317517,0.11455665734317516,72.33573533995198
24576,24,1024,1024,0.046464,0.111488,0.157952,0.27292465734317517,0.11497265734317516,72.78961794923468
24576,24,2048,2048,0.048448,0.147744,0.1961919999999999,0.37522180903263447,0.17902980903263457,91.25234924596042
24576,24,2048,2048,0.046016,0.157696,0.203712,0.37522180903263447,0.17150980903263446,84.19229551162154
24576,24,6144,6144,0.06832,0.133216,0.201536,0.337272369320635,0.135736369320635,67.35092952159167
24576,24,6144,6144,0.028384,0.246528,0.274912,0.337272369320635,0.06236036932063499,22.683756736932178
24576,24,8192,8192,0.057728,0.06848,0.126208,0.3243500352535502,0.19814203525355023,156.9964148497324
24576,24,28672,28672,0.036448,0.351744,0.388192,0.28970968819957577,0.09848231180042422,25.3694851517868
24576,24,32768,32768,0.047296,0.205536,0.252832,0.29230453850443006,0.039472538504430055,15.612160843734202
24576,24,122880,122880,0.04592,0.456768,0.502688,0.4844876885026226,0.01820031149737744,3.6205979648166338
24576,48,0,0,0.022784,0.0,0.022784,0.1551202197762791,0.1323362197762791,580.8296162933599
24576,48,0,0,0.02288,0.0,0.02288,0.1551202197762791,0.1322402197762791,577.9729885326883
24576,48,0,0,0.020224,0.0,0.020224,0.1551202197762791,0.1348962197762791,667.0105803811269
24576,48,0,0,0.018176,0.0,0.018176,0.1551202197762791,0.1369442197762791,753.4343077480144
24576,48,512,512,0.017152,0.06608,0.083232,0.21491622320684378,0.13168422320684378,158.21345540999107
24576,48,512,512,0.020576,0.0536,0.074176,0.21491622320684378,0.14074022320684376,189.73822153640495
24576,48,1024,1024,0.023936,0.053536,0.077472,0.2057959569702419,0.1283239569702419,165.63914313589672
24576,48,1024,1024,0.023264,0.120192,0.143456,0.2057959569702419,0.06233995697024189,43.45580315235465
24576,48,1024,1024,0.027328,0.1136,0.140928,0.2057959569702419,0.06486795697024189,46.0291474868315
24576,48,2048,2048,0.019776,0.115552,0.135328,0.3520637462223668,0.2167357462223668,160.15587773584684
24576,48,6144,6144,0.032832,0.12336,0.156192,0.3317582289880292,0.1755662289880292,112.40411095832643
24576,48,8192,8192,0.031328,0.094816,0.126144,0.3125790886895743,0.18643508868957429,147.79544702052755
24576,48,28672,28672,0.034848,0.30448,0.3393279999999999,0.25574861763802126,0.08357938236197865,24.630853440322838
24576,48,122880,122880,0.025344,0.35248,0.377824,0.4523442266399318,0.0745202266399318,19.723529114066814
24576,96,0,0,0.008928,0.0,0.008928,0.07273316745439118,0.06380516745439117,714.6636139604747
24576,96,0,0,0.011552,0.0,0.011552,0.07273316745439118,0.06118116745439118,529.6153692381508
24576,96,0,0,0.013472,0.0,0.013472,0.07273316745439118,0.05926116745439118,439.8839626958965
24576,96,512,512,0.018208,0.020544,0.0387519999999999,0.06825656872982577,0.029504568729825875,76.13689288249886
24576,96,1024,1024,0.007744,0.085952,0.093696,0.0044098558514242825,0.08928614414857572,95.29344278152291
24576,96,2048,2048,0.024416,0.083872,0.108288,0.06611249650471507,0.04217550349528493,38.94753203982429
24576,96,6144,6144,0.016,0.195648,0.211648,0.31521580799021365,0.10356780799021365,48.93398850459898
24576,96,28672,28672,0.020384,0.179712,0.200096,0.15386540595335774,0.04623059404664226,23.104207003959228
24832,97,0,0,0.009344,0.0,0.009344,0.043268353603203025,0.03392435360320303,363.0602911301694
24832,97,0,0,0.012384,0.0,0.012384,0.043268353603203025,0.030884353603203026,249.38916023258258
24832,97,1024,1024,0.018528,0.039936,0.058464,-0.06534893447484791,0.12381293447484791,211.77636575473437
24832,97,6144,6144,0.019328,0.12288,0.142208,0.31083611150288704,0.16862811150288703,118.57849875034248
24832,97,28672,28672,0.018912,0.172384,0.191296,0.11794144867214129,0.0733545513278587,38.34609784201379
25088,49,1024,1024,0.023328,0.035776,0.059104,0.13551163060570914,0.07640763060570915,129.2765812901143
25088,49,1024,1024,0.027616,0.03456,0.062176,0.13551163060570914,0.07333563060570913,117.9484537533922
25088,49,2048,2048,0.021056,0.083296,0.104352,0.25080378413564475,0.14645178413564475,140.3440127028181
25088,49,6144,6144,0.033248,0.130208,0.163456,0.32753679274910397,0.16408079274910398,100.38223910355325
25088,49,8192,8192,0.02112,0.178688,0.199808,0.30164268312122644,0.10183468312122643,50.96626917902507
25088,49,28672,28672,0.025728,0.252224,0.277952,0.21942993329245297,0.058522066707547005,21.054738482740547
25088,49,122880,122880,0.02528,0.321472,0.346752,0.41889657583679174,0.07214457583679174,20.80581390642065
25344,99,1024,1024,0.018304,0.00032,0.018624,-0.07057501608618821,0.08919901608618822,478.94660699198994
25344,99,6144,6144,0.019072,0.142464,0.161536,0.3131403629974656,0.1516043629974656,93.8517500727179
25344,99,28672,28672,0.016672,0.183424,0.200096,0.11407532350879279,0.0860206764912072,42.98970318807333
25600,25,1024,1024,0.05248,0.02448,0.07696,0.26942540415497795,0.19246540415497795,250.0849846088591
25600,25,1024,1024,0.06016,0.016736,0.0768959999999999,0.26942540415497795,0.19252940415497805,250.37635787944535
25600,25,6144,6144,0.05328,0.11312,0.1664,0.33855410958919663,0.17215410958919664,103.4579985511999
25600,25,8192,8192,0.059712,0.074624,0.134336,0.32515664126683674,0.19082064126683673,142.04728536418884
25600,25,28672,28672,0.04928,0.164096,0.2133759999999999,0.2870796756344376,0.0737036756344377,34.54168961571954
25600,25,32768,32768,0.03952,0.290336,0.329856,0.28934883535723976,0.04050716464276022,12.280257034208935
25600,25,122880,122880,0.046048,0.289344,0.3353919999999999,0.48505437029694676,0.14966237029694685,44.6231187079438
25600,50,1024,1024,0.03024,0.015552,0.045792,0.13238659586085433,0.08659459586085433,189.10420130340307
25600,50,2048,2048,0.027744,0.062432,0.090176,0.2449623196466213,0.1547863196466213,171.64913019719356
25600,50,28672,28672,0.027456,0.31536,0.3428159999999999,0.21711660734802152,0.12569939265197838,36.66672286357067
25600,50,122880,122880,0.031424,0.293056,0.32448,0.41752193183128306,0.09304193183128306,28.67416538192895
25600,100,28672,28672,0.016288,0.189952,0.20624,0.11217200491839208,0.09406799508160793,45.61093632738941
25856,101,6144,6144,0.017856,0.153184,0.17104,0.3154900919722081,0.14445009197220812,84.45398267785788
25856,101,28672,28672,0.01616,0.199232,0.215392,0.11028845596205628,0.10510354403794372,48.796400998153935
26112,51,6144,6144,0.027936,0.152192,0.1801279999999999,0.3302015712414672,0.1500735712414673,83.3149600514453
26112,51,28672,28672,0.023392,0.25696,0.280352,0.21484749616150012,0.06550450383849987,23.36509239759298
26112,51,122880,122880,0.024928,0.325984,0.350912,0.41607853262074457,0.06516653262074457,18.57061959144873
26112,102,6144,6144,0.019328,0.148192,0.16752,0.3166814088128618,0.14916140881286177,89.0409555950703
26368,103,4096,4096,0.0168,0.16624,0.18304,0.3771042749147071,0.1940642749147071,106.02287746651393
26624,13,6144,6144,0.102912,0.205696,0.308608,0.3440470769410986,0.0354390769410986,11.483525035351839
26624,13,28672,28672,0.099264,0.20064,0.299904,0.32048905419171003,0.020585054191710028,6.863881172545224
26624,13,32768,32768,0.088448,0.214336,0.302784,0.3237386152520392,0.020954615252039177,6.920648135977851
26624,13,122880,122880,0.066336,0.321632,0.387968,0.5207609289290245,0.1327929289290245,34.2278045944574
26624,26,4096,4096,0.056832,0.194048,0.25088,0.35733777975895364,0.10645777975895365,42.4337451207564
26624,26,6144,6144,0.05856,0.151872,0.210432,0.3398885310389623,0.12945653103896232,61.519412940504445
26624,26,8192,8192,0.058496,0.149856,0.2083519999999999,0.32603505135895006,0.11768305135895016,56.48280379307624
26624,26,122880,122880,0.041152,0.325152,0.366304,0.48536329978242865,0.11905929978242863,32.50286641216821
26624,52,4096,4096,0.027808,0.180288,0.208096,0.36586606650044473,0.15777006650044473,75.81600150913268
27136,53,28672,28672,0.033568,0.2464,0.279968,0.21044142865138937,0.06952657134861062,24.833756482387496
27136,106,28672,28672,0.01744,0.21792,0.23536,0.10116542233600967,0.13419457766399034,57.01673082256558
27392,107,28672,28672,0.021536,0.206624,0.22816,0.09939934864845412,0.12876065135154588,56.43436682658918
27648,27,28672,28672,0.043616,0.233536,0.277152,0.28207180907943474,0.004919809079434734,1.7751302820960098
27648,27,122880,122880,0.04368,0.316416,0.3600959999999999,0.48542542062715466,0.12532942062715474,34.80444676618312
27648,54,24576,24576,0.028448,0.287296,0.315744,0.21323903028092772,0.1025049697190723,32.46458197751099
27648,54,28672,28672,0.028128,0.2488,0.276928,0.20830414014382015,0.06862385985617986,24.780397740993998
27648,108,24576,24576,0.027424,0.211904,0.239328,0.10904441163781797,0.13028358836218204,54.437252792060285
27904,109,24576,24576,0.027008,0.22576,0.252768,0.10767393757812727,0.14509406242187273,57.40206925792535
28160,55,24576,24576,0.030016,0.25136,0.2813759999999999,0.21157147786234987,0.06980452213765004,24.80827154329085
28672,7,122880,122880,0.125504,0.321472,0.446976,0.5239332470961018,0.0769572470961018,17.217310794338353
28672,7,122880,122880,0.131456,0.312992,0.4444479999999999,0.5239332470961018,0.07948524709610189,17.884037524322732
28672,14,24576,24576,0.080352,0.263456,0.343808,0.31621614016415567,0.027591859835844335,8.025368762752564
28672,14,24576,24576,0.078656,0.288064,0.36672,0.31621614016415567,0.05050385983584432,13.771776787697515
28672,14,28672,28672,0.082464,0.282592,0.365056,0.31746199494738114,0.04759400505261885,13.037453172285582
28672,14,32768,32768,0.077824,0.27392,0.351744,0.3202918792000826,0.03145212079991738,8.941764692480152
28672,14,114688,114688,0.08,0.293248,0.373248,0.5008504548494592,0.1276024548494592,34.18704315882716
28672,14,122880,122880,0.069312,0.313184,0.382496,0.5239332470961018,0.14143724709610178,36.977444756573085
28672,28,24576,24576,0.057152,0.219296,0.2764479999999999,0.28079437849694955,0.004346378496949632,1.57222280390874
28672,28,114688,114688,0.04288,0.3048,0.34768,0.46166129002216305,0.11398129002216306,32.78338990513204
28672,28,122880,122880,0.048128,0.40816,0.456288,0.4852512281564092,0.02896322815640917,6.3475761265711945
28928,113,114688,114688,0.016608,0.297856,0.314464,0.22380924593738172,0.0906547540626183,28.828340942880043
29184,57,114688,114688,0.024544,0.2968,0.321344,0.38115133032338555,0.05980733032338553,18.611621914019096
29184,114,114688,114688,0.016352,0.297024,0.313376,0.22107799566950348,0.09229800433049651,29.45279929876459
29440,115,114688,114688,0.01536,0.29712,0.31248,0.21833279484801338,0.0941472051519866,30.129033906805752
29696,29,114688,114688,0.041824,0.3056,0.3474239999999999,0.46066397019808036,0.11323997019808046,32.59417029280663
29952,117,114688,114688,0.017984,0.29376,0.311744,0.21280150529964814,0.09894249470035188,31.73837979250663
30208,59,114688,114688,0.022912,0.296576,0.319488,0.37673223043021054,0.05724423043021054,17.917489993430284
30464,119,114688,114688,0.015296,0.29984,0.3151359999999999,0.20721727607552154,0.10791872392447838,34.24512715921964
30720,15,114688,114688,0.106656,0.291104,0.39776,0.5019788807267753,0.10421888072677532,26.201448292129758
30720,15,122880,122880,0.069024,0.317568,0.386592,0.5262221535173555,0.13963015351735547,36.11822115236618
30720,30,114688,114688,0.046144,0.31104,0.357184,0.4594684534905653,0.10228445349056531,28.636348070060613
30720,60,114688,114688,0.0264,0.29072,0.3171199999999999,0.3744475990181453,0.05732759901814538,18.077572848809726
30720,120,114688,114688,0.016608,0.29296,0.309568,0.204405890073307,0.105162109926693,33.970600942827744
31232,61,114688,114688,0.0272,0.296096,0.323296,0.37211475209814004,0.04881875209814007,15.10032666600888
31744,31,114688,114688,0.040672,0.299488,0.3401599999999999,0.4580839706585387,0.11792397065853877,34.66720680225153
32768,2,0,0,0.961216,0.0,0.961216,0.2008908043996982,0.7603251956003018,79.10034743494717
32768,2,0,0,0.953824,0.0,0.953824,0.2008908043996982,0.7529331956003018,78.93837810752316
32768,2,0,0,0.267744,0.0,0.267744,0.2008908043996982,0.06685319560030178,24.96907329400539
32768,2,0,0,0.268128,0.0,0.268128,0.2008908043996982,0.06723719560030178,25.07652897135017
32768,2,0,0,0.283904,0.0,0.283904,0.2008908043996982,0.08301319560030179,29.23988235470504
32768,2,0,0,0.931904,0.0,0.931904,0.2008908043996982,0.7310131956003018,78.4429721945932
32768,2,0,0,0.855904,0.0,0.855904,0.2008908043996982,0.6550131956003018,76.52881580180743
32768,2,0,0,0.202336,0.0,0.202336,0.2008908043996982,0.0014451956003017907,0.7142552982671353
32768,2,0,0,0.19616,0.0,0.19616,0.2008908043996982,0.004730804399698196,2.411706973745002
32768,2,0,0,0.604128,0.0,0.604128,0.2008908043996982,0.4032371956003018,66.74698004401415
32768,2,0,0,0.74464,0.0,0.74464,0.2008908043996982,0.5437491956003018,73.02175488830869
32768,2,0,0,0.57952,0.0,0.57952,0.2008908043996982,0.37862919560030184,65.33496610993612
32768,2,0,0,0.656896,0.0,0.656896,0.2008908043996982,0.45600519560030184,69.41817206990176
32768,2,256,256,0.868192,0.09152,0.959712,0.30432714225002133,0.6553848577499787,68.28974293850433
32768,2,256,256,0.160544,0.099968,0.2605119999999999,0.30432714225002133,0.04381514225002142,16.81885757662658
32768,2,256,256,0.164512,0.095968,0.26048,0.30432714225002133,0.04384714225002134,16.833208787631044
32768,2,2721,256,0.468704,0.305344,0.7740480000000001,0.27115560036187336,0.5028923996381267,64.96914915329884
32768,2,2721,256,0.642304,0.184672,0.8269759999999999,0.27115560036187336,0.5558203996381266,67.21118867272166
32768,2,512,512,0.798848,0.147104,0.945952,0.30243270006242096,0.6435192999375791,68.02874775227275
32768,2,512,512,0.211936,0.11168,0.323616,0.30243270006242096,0.02118329993757906,6.545813537519485
32768,2,512,512,0.212736,0.109664,0.3224,0.30243270006242096,0.019967299937579064,6.193331246147352
32768,2,512,512,0.877152,0.08416,0.961312,0.30243270006242096,0.6588792999375791,68.53958963765969
32768,2,512,512,0.095552,0.095072,0.190624,0.30243270006242096,0.11180870006242097,58.654051988427995
32768,2,512,512,0.103968,0.094912,0.19888,0.30243270006242096,0.10355270006242095,52.067930441683906
32768,2,674,512,0.59616,0.077696,0.673856,0.3011567820735781,0.3726992179264219,55.308436509643286
32768,2,674,512,0.596192,0.077664,0.673856,0.3011567820735781,0.3726992179264219,55.308436509643286
32768,2,5442,512,0.561056,0.42272,0.983776,0.3529394232433667,0.6308365767566333,64.12400554156976
32768,2,1024,1024,0.815776,0.1368,0.952576,0.32466256097935364,0.6279134390206463,65.91741121135179
32768,2,1024,1024,0.11408,0.129824,0.243904,0.32466256097935364,0.08075856097935363,33.110798092427196
32768,2,1024,1024,0.096736,0.146976,0.2437119999999999,0.32466256097935364,0.08095056097935374,33.21566479260512
32768,2,1024,1024,0.88032,0.010272,0.8905919999999999,0.32466256097935364,0.5659294390206463,63.54530907762997
32768,2,1024,1024,0.909952,0.041344,0.951296,0.32466256097935364,0.6266334390206464,65.87155196917115
32768,2,1024,1024,0.880832,0.01088,0.891712,0.32466256097935364,0.5670494390206463,63.591096567125525
32768,2,1024,1024,0.232064,0.018624,0.250688,0.32466256097935364,0.07397456097935362,29.508616678641825
32768,2,1024,1024,0.238144,0.024608,0.262752,0.32466256097935364,0.06191056097935366,23.562355749662668
32768,2,1043,1024,0.70192,0.064704,0.766624,0.3275807713089858,0.4390432286910142,57.26969527317358
32768,2,1043,1024,0.58608,0.127808,0.7138880000000001,0.3275807713089858,0.3863072286910143,54.113142214326935
32768,2,1348,1024,0.490912,0.239616,0.7305280000000001,0.33951133026394054,0.39101666973605953,53.52521323427158
32768,2,1348,1024,0.490912,0.239648,0.73056,0.33951133026394054,0.39104866973605945,53.52724892357362
32768,2,2048,2048,0.780704,0.193824,0.974528,0.3706886499592361,0.6038393500407638,61.96223710768329
32768,2,2048,2048,0.821632,0.140448,0.96208,0.3706886499592361,0.5913913500407639,61.470080454927235
32768,2,2048,2048,0.82144,0.123456,0.944896,0.3706886499592361,0.5742073500407638,60.76937039004968
32768,2,2048,2048,0.199968,0.1368,0.336768,0.3706886499592361,0.033920649959236104,10.07240888660327
32768,2,2048,2048,0.188096,0.170272,0.358368,0.3706886499592361,0.012320649959236096,3.4379883134755604
32768,2,2086,2048,0.445568,0.291328,0.736896,0.37044514996171074,0.36645085003828926,49.72897804280241
32768,2,2086,2048,0.324992,0.295648,0.6206400000000001,0.37044514996171074,0.25019485003828934,40.312395275568655
32768,2,4096,4096,0.373984,0.202048,0.576032,0.35854758256999375,0.21748441743000624,37.75561382527468
32768,2,6144,6144,0.810368,0.204096,1.014464,0.34838102273227634,0.6660829772677237,65.6586115690378
32768,2,6144,6144,0.471424,0.375232,0.8466560000000001,0.34838102273227634,0.49827497726772374,58.85211671183145
32768,2,6144,6144,0.389056,0.173056,0.562112,0.34838102273227634,0.2137309772677236,38.02284549479884
32768,2,6144,6144,0.418592,0.200928,0.6195200000000001,0.34838102273227634,0.27113897726772374,43.76597644429941
32768,2,9003,6144,0.280704,0.346656,0.62736,0.33779479011730373,0.2895652098826963,46.15614796650986
32768,2,9003,6144,0.283648,0.352032,0.63568,0.33779479011730373,0.2978852098826963,46.860874950084366
32768,2,8192,8192,0.4304,0.353984,0.784384,0.33990439344341894,0.44447960655658103,56.66607255586308
32768,2,8192,8192,0.35776,0.211552,0.569312,0.33990439344341894,0.2294076065565811,40.295585997938055
32768,2,12004,8192,0.142656,0.289632,0.432288,0.3289031844539494,0.10338481554605061,23.915726447657722
32768,2,7164,24576,0.36208,0.136096,0.498176,0.33900248333939587,0.15917351666060414,31.951261534197577
32768,2,7164,24576,0.29616,0.070016,0.3661759999999999,0.33900248333939587,0.027173516660604025,7.420889588778083
32768,2,24576,24576,0.594528,0.178016,0.7725439999999999,0.3118188115651215,0.4607251884348784,59.637404268867336
32768,2,24576,24576,0.593248,0.187296,0.780544,0.3118188115651215,0.46872518843487854,60.05109108966036
32768,2,24576,24576,0.243808,0.283872,0.52768,0.3118188115651215,0.21586118843487856,40.907593320739565
32768,2,24576,24576,0.142016,0.182016,0.324032,0.3118188115651215,0.012213188434878508,3.7691303435705454
32768,2,8358,28672,0.304704,0.11104,0.415744,0.3333290387349592,0.08241496126504078,19.823487835071766
32768,2,8358,28672,0.2088,0.1256,0.3344,0.3333290387349592,0.0010709612650407485,0.32026353619639614
32768,2,28672,28672,0.604448,0.197152,0.8016,0.3118962545484596,0.4897037454515404,61.0907866082261
32768,2,28672,28672,0.602016,0.154112,0.756128,0.3118962545484596,0.4442317454515404,58.75086565390257
32768,2,28672,28672,0.14064,0.186912,0.3275519999999999,0.3118962545484596,0.015655745451540304,4.779621388829959
32768,2,28672,28672,0.140736,0.184192,0.324928,0.3118962545484596,0.0130317454515404,4.010656345879825
32768,2,9552,32768,0.238592,0.12816,0.3667519999999999,0.3282654606983364,0.038486539301663514,10.493886686824755
32768,2,32768,32768,0.615808,0.162272,0.77808,0.31377675444565956,0.46430324555434044,59.67294437003141
32768,2,32768,32768,0.149856,0.236096,0.3859519999999999,0.31377675444565956,0.07217524555434035,18.700575603790202
32768,2,34482,114688,0.570624,0.105824,0.676448,0.3366808360345308,0.33976716396546924,50.228127508022666
32768,2,34482,114688,0.563616,0.1048,0.668416,0.3366808360345308,0.3317351639654692,49.63004535580674
32768,2,114688,114688,0.58896,0.294144,0.8831040000000001,0.5023589496122245,0.3807450503877756,43.11440672760802
32768,2,114688,114688,0.59056,0.295328,0.885888,0.5023589496122245,0.3835290503877755,43.293175930566335
32768,2,114688,114688,0.462624,0.2904,0.7530239999999999,0.5023589496122245,0.2506650503877754,33.28779034768818
32768,2,114688,114688,0.45712,0.295264,0.752384,0.5023589496122245,0.25002505038777556,33.231042976428995
32768,2,114688,114688,0.457888,0.298304,0.756192,0.5023589496122245,0.2538330503877755,33.567275293546544
32768,2,114688,114688,0.452832,0.299136,0.751968,0.5023589496122245,0.24960905038777548,33.194105385837624
32768,2,36945,122880,0.564896,0.133792,0.698688,0.3462406376169316,0.3524473623830684,50.44416998475262
32768,2,36945,122880,0.565536,0.105824,0.6713600000000001,0.3462406376169316,0.3251193623830685,48.42697842931787
32768,2,122880,122880,0.571424,0.385472,0.956896,0.5276959427126524,0.42920005728734756,44.85336518151895
32768,2,122880,122880,0.577376,0.437344,1.01472,0.5276959427126524,0.48702405728734766,47.9959059925248
32768,2,39408,131072,0.573504,0.112864,0.686368,0.3568418103112201,0.3295261896887799,48.01013300281772
32768,2,131072,131072,0.594816,0.313184,0.908,0.553536674580215,0.354463325419785,39.03781116957985
32768,4,0,0,0.32912,0.0,0.32912,0.2008908043996982,0.12822919560030183,38.961228609717374
32768,4,0,0,0.33056,0.0,0.33056,0.2008908043996982,0.12966919560030182,39.22712838828104
32768,4,0,0,0.345536,0.0,0.345536,0.2008908043996982,0.1446451956003018,41.86110726532164
32768,4,0,0,0.350656,0.0,0.350656,0.2008908043996982,0.14976519560030183,42.71000513332206
32768,4,0,0,0.36816,0.0,0.36816,0.2008908043996982,0.1672691956003018,45.43383192098593
32768,4,0,0,0.362464,0.0,0.362464,0.2008908043996982,0.1615731956003018,44.57634291965597
32768,4,0,0,0.501888,0.0,0.501888,0.2008908043996982,0.3009971956003018,59.9729811432634
32768,4,1151,256,0.097408,0.168864,0.2662719999999999,0.2827168275245384,0.01644482752453852,6.175950728780542
32768,4,512,512,0.291936,0.096128,0.3880639999999999,0.30243270006242096,0.08563129993757895,22.066282865088997
32768,4,1137,512,0.501376,0.052832,0.554208,0.2984638062650262,0.2557441937349738,46.14588633418749
32768,4,1024,1024,0.379776,0.00912,0.388896,0.32466256097935364,0.06423343902064638,16.51686801115115
32768,4,1024,1024,0.37952,0.009152,0.388672,0.32466256097935364,0.06400943902064637,16.468754893752667
32768,4,3882,1024,0.397568,0.000672,0.39824,0.3603382829887689,0.03790171701123107,9.5173053965526
32768,4,3882,1024,0.397504,0.000256,0.39776,0.3603382829887689,0.03742171701123109,9.408114695100336
32768,4,2048,2048,0.342944,0.111072,0.454016,0.3706886499592361,0.08332735004076386,18.353395043514737
32768,4,2048,2048,0.336256,0.117568,0.453824,0.3706886499592361,0.08313535004076389,18.318852691960736
32768,4,7764,2048,0.309152,0.416224,0.725376,0.3431983400174996,0.3821776599825004,52.68683551461593
32768,4,7764,2048,0.307968,0.405088,0.713056,0.3431983400174996,0.3698576599825004,51.86937070615778
32768,4,4096,4096,0.448736,0.177344,0.62608,0.35854758256999375,0.2675324174300062,42.73134702114845
32768,4,6144,6144,0.459264,0.144832,0.604096,0.34838102273227634,0.25571497726772363,42.330188789153326
32768,4,6144,6144,0.457792,0.144032,0.6018239999999999,0.34838102273227634,0.2534429772677236,42.11247428944735
32768,4,8192,8192,0.410912,0.166304,0.577216,0.33990439344341894,0.237311606556581,41.1131372928992
32768,4,24576,24576,0.33168,0.26848,0.60016,0.3118188115651215,0.28834118843487855,48.04405299168197
32768,4,24576,24576,0.329536,0.272672,0.6022080000000001,0.3118188115651215,0.2903891884348786,48.22074572819998
32768,4,28672,28672,0.331136,0.2712,0.602336,0.3118962545484596,0.2904397454515404,48.21889202231651
32768,4,28672,28672,0.332704,0.275872,0.608576,0.3118962545484596,0.2966797454515404,48.74982671869091
32768,4,32768,32768,0.321088,0.284832,0.60592,0.31377675444565956,0.29214324555434046,48.21482135502054
32768,4,114688,114688,0.293792,0.29632,0.590112,0.5023589496122245,0.08775305038777548,14.870575481904364
32768,4,114688,114688,0.295776,0.297632,0.5934079999999999,0.5023589496122245,0.09104905038777544,15.343414714290244
32768,4,122880,122880,0.282528,0.304,0.5865279999999999,0.5276959427126524,0.05883205728734753,10.03056244328447
32768,4,122880,122880,0.285184,0.308992,0.594176,0.5276959427126524,0.06648005728734763,11.18861369145634
32768,4,131072,131072,0.294048,0.303552,0.5975999999999999,0.553536674580215,0.04406332541978486,7.373381094341511
32768,8,114688,114688,0.15648,0.294496,0.450976,0.5023589496122245,0.051382949612224504,11.393721531129042
32768,8,114688,114688,0.176256,0.297408,0.473664,0.5023589496122245,0.02869494961222452,6.058081174044158
32768,16,114688,114688,0.101824,0.2936,0.395424,0.5023589496122245,0.1069349496122245,27.04311058818496
40960,5,0,0,0.256896,0.0,0.256896,0.19173668747519557,0.06515931252480445,25.36408216741578
40960,5,0,0,0.25792,0.0,0.25792,0.19173668747519557,0.06618331252480442,25.660403429282113
40960,5,0,0,0.46144,0.0,0.46144,0.19173668747519557,0.26970331252480445,58.448186660195134
40960,5,1151,256,0.167136,0.108896,0.276032,0.27143195648855034,0.0046000435114496585,1.6664892155437265
40960,5,512,512,0.280608,0.030304,0.310912,0.29259858356915025,0.01831341643084977,5.8902250253608
49152,3,0,0,0.67968,0.0,0.67968,0.18258257055069116,0.4970974294493088,73.13698055692515
49152,3,0,0,0.09344,0.0,0.09344,0.18258257055069116,0.08914257055069116,95.40086745579106
49152,3,0,0,0.125664,0.0,0.125664,0.18258257055069116,0.05691857055069116,45.29425336666918
49152,3,0,0,0.654464,0.0,0.654464,0.18258257055069116,0.4718814294493089,72.10196885532419
49152,3,0,0,0.553984,0.0,0.553984,0.18258257055069116,0.3714014294493089,67.04190544299273
49152,3,0,0,0.465504,0.0,0.465504,0.18258257055069116,0.2829214294493088,60.77744325490411
49152,3,0,0,0.424576,0.0,0.424576,0.18258257055069116,0.24199342944930885,56.99649284210809
49152,3,0,0,0.289984,0.0,0.289984,0.18258257055069116,0.10740142944930886,37.03701909391858
49152,3,256,256,0.532064,0.096416,0.6284799999999999,0.2858159690076061,0.34266403099239384,54.522662772465935
49152,3,256,256,0.189984,0.036896,0.2268799999999999,0.2858159690076061,0.0589359690076062,25.976714125355354
49152,3,2721,256,0.371392,0.305344,0.676736,0.23690319480907718,0.4398328051909228,64.9932625412159
49152,3,512,512,0.773088,0.098176,0.871264,0.28298329213414775,0.5882807078658523,67.52037360270276
49152,3,512,512,0.750464,0.097216,0.84768,0.28298329213414775,0.5646967078658522,66.616731297878
49152,3,674,512,0.346208,0.089184,0.435392,0.2808705875469517,0.1545214124530483,35.49018182535469
49152,3,674,512,0.346624,0.0896,0.436224,0.2808705875469517,0.1553534124530483,35.61321991753051
49152,3,1024,1024,0.789056,0.135008,0.924064,0.2996013328403855,0.6244626671596145,67.57785901838125
49152,3,1043,1024,0.702336,0.047392,0.749728,0.30206322901360494,0.447664770986395,59.710291063745125
49152,3,1043,1024,0.701056,0.047328,0.748384,0.30206322901360494,0.4463207709863951,59.6379360042966
49152,3,2048,2048,0.595904,0.153472,0.749376,0.3879268806709,0.36144911932910007,48.233346054463986
49152,3,2048,2048,0.606912,0.13344,0.740352,0.3879268806709,0.35242511932910003,47.602372834692154
49152,3,2086,2048,0.459552,0.187456,0.647008,0.3876651145389367,0.2593428854610633,40.083412486563276
49152,3,2086,2048,0.298112,0.297248,0.59536,0.3876651145389367,0.2076948854610633,34.88559618735946
49152,3,4096,4096,0.236064,0.270912,0.506976,0.3744294767945995,0.1325465232054005,26.144536073778742
49152,3,6002,4096,0.430464,0.28704,0.717504,0.36373815141223886,0.35376584858776117,49.30506987943777
49152,3,6144,6144,0.845504,0.190528,1.036032,0.36231069395714144,0.6737213060428586,65.02900547887117
49152,3,6144,6144,0.792736,0.191232,0.983968,0.36231069395714144,0.6216573060428585,63.17861008110614
49152,3,9003,6144,0.224992,0.347168,0.57216,0.34865790850375866,0.22350209149624134,39.06286554394598
49152,3,9003,6144,0.224256,0.3536,0.577856,0.34865790850375866,0.22919809149624137,39.66353061943483
49152,3,8192,8192,0.467456,0.281856,0.749312,0.3514684666412826,0.39784353335871736,53.09450981149606
49152,6,0,0,0.150048,0.0,0.150048,0.18258257055069116,0.03253457055069117,21.68277521239282
49152,6,0,0,0.350112,0.0,0.350112,0.18258257055069116,0.16752942944930882,47.85023919468879
49152,6,0,0,0.294656,0.0,0.294656,0.18258257055069116,0.11207342944930881,38.035346115235676
57344,7,0,0,0.255328,0.0,0.255328,0.17342845362618853,0.08189954637381147,32.07621035445054
65536,4,0,0,0.673184,0.0,0.673184,0.1642743367016859,0.5089096632983141,75.59740922219098
65536,4,0,0,0.492128,0.0,0.492128,0.1642743367016859,0.3278536632983141,66.61959150837062
65536,4,0,0,0.461888,0.0,0.461888,0.1642743367016859,0.2976136632983141,64.43416224242979
65536,4,0,0,0.391808,0.0,0.391808,0.1642743367016859,0.2275336632983141,58.07274565560532
65536,4,256,256,0.64032,0.080288,0.720608,0.2674051303397533,0.4532028696602467,62.89173443262449
65536,4,512,512,0.660416,0.09024,0.750656,0.26408965198430145,0.48656634801569854,64.81881820909959
65536,4,512,512,0.510912,0.101216,0.612128,0.26408965198430145,0.34803834801569855,56.857119428566996
65536,4,1024,1024,0.688416,0.081568,0.769984,0.27771425944775885,0.49226974055224115,63.93246360343087
65536,4,2048,2048,0.476544,0.221728,0.698272,0.4054129905775099,0.2928590094224901,41.94053455136252
65536,4,2048,2048,0.734208,0.127328,0.861536,0.4054129905775099,0.45612300942249007,52.94300057368352
65536,4,2086,2048,0.450112,0.175104,0.625216,0.4051414775654685,0.22007452243453152,35.199758552969136
65536,4,2086,2048,0.444512,0.17584,0.620352,0.4051414775654685,0.21521052243453154,34.69167866542407
65536,4,6144,6144,0.50672,0.190336,0.6970559999999999,0.37791126065396696,0.31914473934603294,45.78466283139848
65536,4,6144,6144,0.507648,0.203616,0.711264,0.37791126065396696,0.33335273934603304,46.86765242526447
65536,4,8192,8192,0.0584,0.314016,0.372416,0.36561436040244644,0.006801639597553588,1.8263553653853724
73728,9,0,0,0.22096,0.0,0.22096,0.1551202197771815,0.0658397802228185,29.797148906054716
