decode_kv_len,decode_qo_len,prefill_kv_len,prefill_qo_len,decode_time_ms,prefill_time_ms,sm_time,term1,term2,term3,term4,term5,R_pd,actual_time,predicted_time,residual
24064,94.0,0,0,0.019456,0.0,0.019456,0.0,0.0,0.0,579076096.0,24064.0,0.9999999999999959,0.019456,9.999997e-13,0.019456
24320,95.0,0,0,0.009312,0.0,0.009312,0.0,0.0,0.0,591462400.0,24320.0,0.999999999999996,0.009312,9.999997e-13,0.009312
24576,96.0,0,0,0.008928,0.0,0.008928,0.0,0.0,0.0,603979776.0,24576.0,0.999999999999996,0.008928,9.999997e-13,0.008928
23808,93.0,256,256,0.010848,0.062496,0.073344,65536.0,256.0,256.0,566820864.0,23808.0,0.9946524064171093,0.073344,9.999997e-13,0.073344
24064,94.0,256,256,0.009248,0.060832,0.07008,65536.0,256.0,256.0,579076096.0,24064.0,0.9947089947089918,0.07008,9.999997e-13,0.07008
24320,95.0,256,256,0.009824,0.04352,0.053344,65536.0,256.0,256.0,591462400.0,24320.0,0.9947643979057562,0.053344,9.999997e-13,0.053344
23552,92.0,512,512,0.017568,0.04352,0.061088,262144.0,512.0,512.0,554696704.0,23552.0,0.989247311827954,0.061088,9.999997e-13,0.061088
23808,93.0,512,512,0.020192,0.066848,0.08704,262144.0,512.0,512.0,566820864.0,23808.0,0.9893617021276566,0.08704,9.999997e-13,0.08704
24064,94.0,0,0,0.013632,0.0,0.013632,0.0,0.0,0.0,579076096.0,24064.0,0.9999999999999959,0.013632,9.999997e-13,0.013632
24320,95.0,0,0,0.010432,0.0,0.010432,0.0,0.0,0.0,591462400.0,24320.0,0.999999999999996,0.010432,9.999997e-13,0.010432
14848,58.0,0,0,0.012544,0.0,0.012544,0.0,0.0,0.0,220463104.0,14848.0,0.9999999999999932,0.012544,9.999997e-13,0.012544
15104,59.0,0,0,0.008512,0.0,0.008512,0.0,0.0,0.0,228130816.0,15104.0,0.9999999999999933,0.008512,9.999997e-13,0.008512
15360,60.0,0,0,0.00928,0.0,0.00928,0.0,0.0,0.0,235929600.0,15360.0,0.9999999999999934,0.00928,9.999997e-13,0.00928
14592,57.0,256,256,0.009888,0.052608,0.062496,65536.0,256.0,256.0,212926464.0,14592.0,0.9913043478260819,0.062496,9.999997e-13,0.062496
14848,58.0,256,256,0.009408,0.054496,0.063904,65536.0,256.0,256.0,220463104.0,14848.0,0.9914529914529865,0.063904,9.999997e-13,0.063904
15104,59.0,256,256,0.009888,0.045248,0.055136,65536.0,256.0,256.0,228130816.0,15104.0,0.9915966386554573,0.055136,9.999997e-13,0.055136
14336,56.0,512,512,0.02528,0.045472,0.070752,262144.0,512.0,512.0,205520896.0,14336.0,0.9824561403508721,0.070752,9.999997e-13,0.070752
14592,57.0,512,512,0.014752,0.074816,0.089568,262144.0,512.0,512.0,212926464.0,14592.0,0.9827586206896503,0.089568,9.999997e-13,0.089568
14848,58.0,512,512,0.014208,0.05904,0.073248,262144.0,512.0,512.0,220463104.0,14848.0,0.9830508474576223,0.073248,9.999997e-13,0.073248
14848,58.0,0,0,0.012544,0.0,0.012544,0.0,0.0,0.0,220463104.0,14848.0,0.9999999999999932,0.012544,9.999997e-13,0.012544
23552,46.0,0,0,0.019744,0.0,0.019744,0.0,0.0,0.0,554696704.0,23552.0,0.9999999999999958,0.019744,9.999997e-13,0.019744
24064,47.0,0,0,0.024032,0.0,0.024032,0.0,0.0,0.0,579076096.0,24064.0,0.9999999999999959,0.024032,9.999997e-13,0.024032
24576,48.0,0,0,0.022784,0.0,0.022784,0.0,0.0,0.0,603979776.0,24576.0,0.999999999999996,0.022784,9.999997e-13,0.022784
23552,46.0,256,256,0.0184,0.063424,0.081824,65536.0,256.0,256.0,554696704.0,23552.0,0.9945945945945915,0.081824,9.999997e-13,0.081824
24064,47.0,256,256,0.01856,0.06592,0.08448,65536.0,256.0,256.0,579076096.0,24064.0,0.9947089947089918,0.08448,9.999997e-13,0.08448
23552,46.0,512,512,0.039776,0.07216,0.111936,262144.0,512.0,512.0,554696704.0,23552.0,0.989247311827954,0.111936,9.999997e-13,0.111936
24064,47.0,0,0,0.020064,0.0,0.020064,0.0,0.0,0.0,579076096.0,24064.0,0.9999999999999959,0.020064,9.999997e-13,0.020064
24576,48.0,0,0,0.02288,0.0,0.02288,0.0,0.0,0.0,603979776.0,24576.0,0.999999999999996,0.02288,9.999997e-13,0.02288
23552,46.0,256,256,0.03696,0.028576,0.065536,65536.0,256.0,256.0,554696704.0,23552.0,0.9945945945945915,0.065536,9.999997e-13,0.065536
24064,47.0,256,256,0.016096,0.063552,0.079648,65536.0,256.0,256.0,579076096.0,24064.0,0.9947089947089918,0.079648,9.999997e-13,0.079648
6144,12.0,0,0,0.024576,0.0,0.024576,0.0,0.0,0.0,37748736.0,6144.0,0.9999999999999837,0.024576,9.999997e-13,0.024576
6656,13.0,0,0,0.025024,0.0,0.025024,0.0,0.0,0.0,44302336.0,6656.0,0.999999999999985,0.025024,9.999997e-13,0.025024
7168,14.0,0,0,0.030016,0.0,0.030016,0.0,0.0,0.0,51380224.0,7168.0,0.999999999999986,0.030016,9.999997e-13,0.030016
6144,12.0,256,256,0.019072,0.061696,0.080768,65536.0,256.0,256.0,37748736.0,6144.0,0.9795918367346822,0.080768,9.999997e-13,0.080768
6656,13.0,256,256,0.01728,0.059744,0.077024,65536.0,256.0,256.0,44302336.0,6656.0,0.9811320754716873,0.077024,9.999997e-13,0.077024
6144,12.0,512,512,0.02352,0.0768,0.1003199999999999,262144.0,512.0,512.0,37748736.0,6144.0,0.9599999999999889,0.10032,9.999997e-13,0.10032
6144,12.0,0,0,0.024448,0.0,0.024448,0.0,0.0,0.0,37748736.0,6144.0,0.9999999999999837,0.024448,9.999997e-13,0.024448
6656,13.0,0,0,0.021888,0.0,0.021888,0.0,0.0,0.0,44302336.0,6656.0,0.999999999999985,0.021888,9.999997e-13,0.021888
7168,14.0,0,0,0.019296,0.0,0.019296,0.0,0.0,0.0,51380224.0,7168.0,0.999999999999986,0.019296,9.999997e-13,0.019296
6144,12.0,256,256,0.034432,0.019456,0.053888,65536.0,256.0,256.0,37748736.0,6144.0,0.9795918367346822,0.053888,9.999997e-13,0.053888
24576,24.0,0,0,0.050016,0.0,0.050016,0.0,0.0,0.0,603979776.0,24576.0,0.999999999999996,0.050016,9.999997e-13,0.050016
23552,23.0,256,256,0.042784,0.07632,0.119104,65536.0,256.0,256.0,554696704.0,23552.0,0.9945945945945915,0.119104,9.999997e-13,0.119104
24576,24.0,256,256,0.03616,0.06624,0.1023999999999999,65536.0,256.0,256.0,603979776.0,24576.0,0.994818652849738,0.1024,9.999997e-13,0.1024
22528,22.0,512,512,0.079168,0.075168,0.154336,262144.0,512.0,512.0,507510784.0,22528.0,0.9887640449438171,0.154336,9.999997e-13,0.154336
23552,23.0,512,512,0.050112,0.10576,0.155872,262144.0,512.0,512.0,554696704.0,23552.0,0.989247311827954,0.155872,9.999997e-13,0.155872
24576,24.0,512,512,0.032928,0.078304,0.111232,262144.0,512.0,512.0,603979776.0,24576.0,0.9896907216494817,0.111232,9.999997e-13,0.111232
24576,24.0,0,0,0.062592,0.0,0.062592,0.0,0.0,0.0,603979776.0,24576.0,0.999999999999996,0.062592,9.999997e-13,0.062592
23552,23.0,256,256,0.045952,0.07424,0.120192,65536.0,256.0,256.0,554696704.0,23552.0,0.9945945945945915,0.120192,9.999997e-13,0.120192
24576,24.0,256,256,0.04704,0.014976,0.062016,65536.0,256.0,256.0,603979776.0,24576.0,0.994818652849738,0.062016,9.999997e-13,0.062016
22528,22.0,512,512,0.090368,0.070784,0.161152,262144.0,512.0,512.0,507510784.0,22528.0,0.9887640449438171,0.161152,9.999997e-13,0.161152
4096,4.0,0,0,0.03296,0.0,0.03296,0.0,0.0,0.0,16777216.0,4096.0,0.9999999999999756,0.03296,9.999997e-13,0.03296
5120,5.0,0,0,0.050656,0.0,0.050656,0.0,0.0,0.0,26214400.0,5120.0,0.9999999999999805,0.050656,9.999997e-13,0.050656
6144,6.0,0,0,0.037376,0.0,0.037376,0.0,0.0,0.0,37748736.0,6144.0,0.9999999999999837,0.037376,9.999997e-13,0.037376
4096,4.0,256,256,0.050656,0.070912,0.121568,65536.0,256.0,256.0,16777216.0,4096.0,0.9696969696969526,0.121568,9.999997e-13,0.121568
5120,5.0,256,256,0.048864,0.073152,0.1220159999999999,65536.0,256.0,256.0,26214400.0,5120.0,0.9756097560975471,0.122016,9.999997e-13,0.122016
4096,4.0,512,512,0.056896,0.103968,0.160864,262144.0,512.0,512.0,16777216.0,4096.0,0.9411764705882192,0.160864,9.999997e-13,0.160864
4096,4.0,0,0,0.033408,0.0,0.033408,0.0,0.0,0.0,16777216.0,4096.0,0.9999999999999756,0.033408,9.999997e-13,0.033408
5120,5.0,0,0,0.050464,0.0,0.050464,0.0,0.0,0.0,26214400.0,5120.0,0.9999999999999805,0.050464,9.999997e-13,0.050464
6144,6.0,0,0,0.03792,0.0,0.03792,0.0,0.0,0.0,37748736.0,6144.0,0.9999999999999837,0.03792,9.999997e-13,0.03792
4096,4.0,256,256,0.050656,0.068896,0.1195519999999999,65536.0,256.0,256.0,16777216.0,4096.0,0.9696969696969526,0.119552,9.999997e-13,0.119552
24576,12.0,0,0,0.129632,0.0,0.129632,0.0,0.0,0.0,603979776.0,24576.0,0.999999999999996,0.129632,9.999997e-13,0.129632
22528,11.0,256,256,0.144064,0.082848,0.226912,65536.0,256.0,256.0,507510784.0,22528.0,0.9943502824858725,0.226912,9.999997e-13,0.226912
24576,12.0,256,256,0.090912,0.080576,0.171488,65536.0,256.0,256.0,603979776.0,24576.0,0.994818652849738,0.171488,9.999997e-13,0.171488
20480,10.0,512,512,0.143616,0.167616,0.3112319999999999,262144.0,512.0,512.0,419430400.0,20480.0,0.9876543209876508,0.311232,9.999997e-13,0.311232
22528,11.0,512,512,0.109184,0.103968,0.213152,262144.0,512.0,512.0,507510784.0,22528.0,0.9887640449438171,0.213152,9.999997e-13,0.213152
24576,12.0,512,512,0.138304,0.07312,0.211424,262144.0,512.0,512.0,603979776.0,24576.0,0.9896907216494817,0.211424,9.999997e-13,0.211424
24576,12.0,0,0,0.139584,0.0,0.139584,0.0,0.0,0.0,603979776.0,24576.0,0.999999999999996,0.139584,9.999997e-13,0.139584
22528,11.0,256,256,0.125344,0.080832,0.206176,65536.0,256.0,256.0,507510784.0,22528.0,0.9943502824858725,0.206176,9.999997e-13,0.206176
24576,12.0,256,256,0.077088,0.073152,0.1502399999999999,65536.0,256.0,256.0,603979776.0,24576.0,0.994818652849738,0.15024,9.999997e-13,0.15024
20480,10.0,512,512,0.141824,0.165632,0.307456,262144.0,512.0,512.0,419430400.0,20480.0,0.9876543209876508,0.307456,9.999997e-13,0.307456
16384,8.0,0,0,0.14512,0.0,0.14512,0.0,0.0,0.0,268435456.0,16384.0,0.999999999999994,0.14512,9.999997e-13,0.14512
18432,9.0,0,0,0.126816,0.0,0.126816,0.0,0.0,0.0,339738624.0,18432.0,0.9999999999999947,0.126816,9.999997e-13,0.126816
16384,8.0,256,256,0.08192,0.082848,0.164768,65536.0,256.0,256.0,268435456.0,16384.0,0.9922480620154995,0.164768,9.999997e-13,0.164768
16384,8.0,512,512,0.154112,0.08144,0.2355519999999999,262144.0,512.0,512.0,268435456.0,16384.0,0.9846153846153803,0.235552,9.999997e-13,0.235552
16384,8.0,0,0,0.151264,0.0,0.151264,0.0,0.0,0.0,268435456.0,16384.0,0.999999999999994,0.151264,9.999997e-13,0.151264
18432,9.0,0,0,0.119648,0.0,0.119648,0.0,0.0,0.0,339738624.0,18432.0,0.9999999999999947,0.119648,9.999997e-13,0.119648
16384,8.0,256,256,0.106208,0.079168,0.1853759999999999,65536.0,256.0,256.0,268435456.0,16384.0,0.9922480620154995,0.185376,9.999997e-13,0.185376
16384,8.0,512,512,0.142368,0.084192,0.2265599999999999,262144.0,512.0,512.0,268435456.0,16384.0,0.9846153846153803,0.22656,9.999997e-13,0.22656
16384,8.0,0,0,0.128416,0.0,0.128416,0.0,0.0,0.0,268435456.0,16384.0,0.999999999999994,0.128416,9.999997e-13,0.128416
18432,9.0,0,0,0.087648,0.0,0.087648,0.0,0.0,0.0,339738624.0,18432.0,0.9999999999999947,0.087648,9.999997e-13,0.087648
24576,6.0,0,0,0.325632,0.0,0.325632,0.0,0.0,0.0,603979776.0,24576.0,0.999999999999996,0.325632,9.999997e-13,0.325632
20480,5.0,256,256,0.31072,0.083584,0.394304,65536.0,256.0,256.0,419430400.0,20480.0,0.9937888198757729,0.394304,9.999997e-13,0.394304
24576,6.0,256,256,0.239808,0.078624,0.318432,65536.0,256.0,256.0,603979776.0,24576.0,0.994818652849738,0.318432,9.999997e-13,0.318432
20480,5.0,512,512,0.257184,0.118912,0.376096,262144.0,512.0,512.0,419430400.0,20480.0,0.9876543209876508,0.376096,9.999997e-13,0.376096
24576,6.0,512,512,0.314176,0.085792,0.399968,262144.0,512.0,512.0,603979776.0,24576.0,0.9896907216494817,0.399968,9.999997e-13,0.399968
24576,6.0,0,0,0.285312,0.0,0.285312,0.0,0.0,0.0,603979776.0,24576.0,0.999999999999996,0.285312,9.999997e-13,0.285312
20480,5.0,256,256,0.264512,0.14672,0.411232,65536.0,256.0,256.0,419430400.0,20480.0,0.9937888198757729,0.411232,9.999997e-13,0.411232
24576,6.0,256,256,0.236768,0.079968,0.316736,65536.0,256.0,256.0,603979776.0,24576.0,0.994818652849738,0.316736,9.999997e-13,0.316736
20480,5.0,512,512,0.260096,0.119168,0.379264,262144.0,512.0,512.0,419430400.0,20480.0,0.9876543209876508,0.379264,9.999997e-13,0.379264
24576,6.0,512,512,0.31664,0.086752,0.403392,262144.0,512.0,512.0,603979776.0,24576.0,0.9896907216494817,0.403392,9.999997e-13,0.403392
8192,2.0,0,0,0.33344,0.0,0.33344,0.0,0.0,0.0,67108864.0,8192.0,0.9999999999999878,0.33344,9.999997e-13,0.33344
12288,3.0,0,0,0.164288,0.0,0.164288,0.0,0.0,0.0,150994944.0,12288.0,0.9999999999999919,0.164288,9.999997e-13,0.164288
16384,4.0,0,0,0.11632,0.0,0.11632,0.0,0.0,0.0,268435456.0,16384.0,0.999999999999994,0.11632,9.999997e-13,0.11632
8192,2.0,256,256,0.227328,0.095392,0.32272,65536.0,256.0,256.0,67108864.0,8192.0,0.9846153846153758,0.32272,9.999997e-13,0.32272
12288,3.0,256,256,0.178912,0.042528,0.22144,65536.0,256.0,256.0,150994944.0,12288.0,0.9896907216494786,0.22144,9.999997e-13,0.22144
8192,2.0,512,512,0.292,0.090528,0.382528,262144.0,512.0,512.0,67108864.0,8192.0,0.9696969696969612,0.382528,9.999997e-13,0.382528
8192,2.0,0,0,0.315712,0.0,0.315712,0.0,0.0,0.0,67108864.0,8192.0,0.9999999999999878,0.315712,9.999997e-13,0.315712
12288,3.0,0,0,0.16096,0.0,0.16096,0.0,0.0,0.0,150994944.0,12288.0,0.9999999999999919,0.16096,9.999997e-13,0.16096
8192,2.0,256,256,0.231008,0.091808,0.322816,65536.0,256.0,256.0,67108864.0,8192.0,0.9846153846153758,0.322816,9.999997e-13,0.322816
12288,3.0,256,256,0.178272,0.041888,0.22016,65536.0,256.0,256.0,150994944.0,12288.0,0.9896907216494786,0.22016,9.999997e-13,0.22016
16384,2.0,0,0,0.684736,0.0,0.684736,0.0,0.0,0.0,268435456.0,16384.0,0.999999999999994,0.684736,9.999997e-13,0.684736
24576,3.0,0,0,0.336896,0.0,0.336896,0.0,0.0,0.0,603979776.0,24576.0,0.999999999999996,0.336896,9.999997e-13,0.336896
32768,4.0,0,0,0.32912,0.0,0.32912,0.0,0.0,0.0,1073741824.0,32768.0,0.9999999999999969,0.32912,9.999997e-13,0.32912
16384,2.0,256,256,0.584832,0.08384,0.668672,65536.0,256.0,256.0,268435456.0,16384.0,0.9922480620154995,0.668672,9.999997e-13,0.668672
24576,3.0,256,256,0.39056,0.084,0.47456,65536.0,256.0,256.0,603979776.0,24576.0,0.994818652849738,0.47456,9.999997e-13,0.47456
16384,2.0,512,512,0.645152,0.09936,0.744512,262144.0,512.0,512.0,268435456.0,16384.0,0.9846153846153803,0.744512,9.999997e-13,0.744512
16384,2.0,0,0,0.682496,0.0,0.682496,0.0,0.0,0.0,268435456.0,16384.0,0.999999999999994,0.682496,9.999997e-13,0.682496
24576,3.0,0,0,0.3336,0.0,0.3336,0.0,0.0,0.0,603979776.0,24576.0,0.999999999999996,0.3336,9.999997e-13,0.3336
32768,4.0,0,0,0.33056,0.0,0.33056,0.0,0.0,0.0,1073741824.0,32768.0,0.9999999999999969,0.33056,9.999997e-13,0.33056
16384,2.0,256,256,0.549344,0.077888,0.627232,65536.0,256.0,256.0,268435456.0,16384.0,0.9922480620154995,0.627232,9.999997e-13,0.627232
16384,2.0,0,0,0.338432,0.0,0.338432,0.0,0.0,0.0,268435456.0,16384.0,0.999999999999994,0.338432,9.999997e-13,0.338432
8192,1.0,256,256,0.148352,0.14944,0.297792,65536.0,256.0,256.0,67108864.0,8192.0,0.9846153846153758,0.297792,9.999997e-13,0.297792
16384,2.0,256,256,0.222208,0.096544,0.318752,65536.0,256.0,256.0,268435456.0,16384.0,0.9922480620154995,0.318752,9.999997e-13,0.318752
8192,1.0,512,512,0.1608,0.154432,0.315232,262144.0,512.0,512.0,67108864.0,8192.0,0.9696969696969612,0.315232,9.999997e-13,0.315232
16384,2.0,512,512,0.273888,0.098112,0.372,262144.0,512.0,512.0,268435456.0,16384.0,0.9846153846153803,0.372,9.999997e-13,0.372
16384,2.0,0,0,0.33536,0.0,0.33536,0.0,0.0,0.0,268435456.0,16384.0,0.999999999999994,0.33536,9.999997e-13,0.33536
8192,1.0,256,256,0.148928,0.150048,0.298976,65536.0,256.0,256.0,67108864.0,8192.0,0.9846153846153758,0.298976,9.999997e-13,0.298976
16384,2.0,256,256,0.225344,0.092736,0.31808,65536.0,256.0,256.0,268435456.0,16384.0,0.9922480620154995,0.31808,9.999997e-13,0.31808
8192,1.0,512,512,0.160832,0.154528,0.31536,262144.0,512.0,512.0,67108864.0,8192.0,0.9696969696969612,0.31536,9.999997e-13,0.31536
16384,2.0,512,512,0.273792,0.098336,0.372128,262144.0,512.0,512.0,268435456.0,16384.0,0.9846153846153803,0.372128,9.999997e-13,0.372128
32768,2.0,0,0,0.961216,0.0,0.961216,0.0,0.0,0.0,1073741824.0,32768.0,0.9999999999999969,0.961216,9.999997e-13,0.961216
49152,3.0,0,0,0.67968,0.0,0.67968,0.0,0.0,0.0,2415919104.0,49152.0,0.9999999999999979,0.67968,9.999997e-13,0.67968
65536,4.0,0,0,0.673184,0.0,0.673184,0.0,0.0,0.0,4294967296.0,65536.0,0.9999999999999984,0.673184,9.999997e-13,0.673184
32768,2.0,256,256,0.868192,0.09152,0.959712,65536.0,256.0,256.0,1073741824.0,32768.0,0.99610894941634,0.959712,9.999997e-13,0.959712
49152,3.0,256,256,0.532064,0.096416,0.6284799999999999,65536.0,256.0,256.0,2415919104.0,49152.0,0.9974025974025957,0.62848,9.999997e-13,0.62848
65536,4.0,256,256,0.64032,0.080288,0.720608,65536.0,256.0,256.0,4294967296.0,65536.0,0.9980506822612075,0.720608,9.999997e-13,0.720608
32768,2.0,512,512,0.798848,0.147104,0.945952,262144.0,512.0,512.0,1073741824.0,32768.0,0.9922480620155014,0.945952,9.999997e-13,0.945952
49152,3.0,512,512,0.773088,0.098176,0.871264,262144.0,512.0,512.0,2415919104.0,49152.0,0.9948186528497394,0.871264,9.999997e-13,0.871264
65536,4.0,512,512,0.660416,0.09024,0.750656,262144.0,512.0,512.0,4294967296.0,65536.0,0.9961089494163413,0.750656,9.999997e-13,0.750656
32768,2.0,0,0,0.953824,0.0,0.953824,0.0,0.0,0.0,1073741824.0,32768.0,0.9999999999999969,0.953824,9.999997e-13,0.953824
32768,2.0,0,0,0.267744,0.0,0.267744,0.0,0.0,0.0,1073741824.0,32768.0,0.9999999999999969,0.267744,9.999997e-13,0.267744
49152,3.0,0,0,0.09344,0.0,0.09344,0.0,0.0,0.0,2415919104.0,49152.0,0.9999999999999979,0.09344,9.999997e-13,0.09344
32768,2.0,256,256,0.160544,0.099968,0.2605119999999999,65536.0,256.0,256.0,1073741824.0,32768.0,0.99610894941634,0.260512,9.999997e-13,0.260512
49152,3.0,256,256,0.189984,0.036896,0.2268799999999999,65536.0,256.0,256.0,2415919104.0,49152.0,0.9974025974025957,0.22688,9.999997e-13,0.22688
32768,2.0,512,512,0.211936,0.11168,0.323616,262144.0,512.0,512.0,1073741824.0,32768.0,0.9922480620155014,0.323616,9.999997e-13,0.323616
32768,2.0,0,0,0.268128,0.0,0.268128,0.0,0.0,0.0,1073741824.0,32768.0,0.9999999999999969,0.268128,9.999997e-13,0.268128
49152,3.0,0,0,0.125664,0.0,0.125664,0.0,0.0,0.0,2415919104.0,49152.0,0.9999999999999979,0.125664,9.999997e-13,0.125664
32768,2.0,256,256,0.164512,0.095968,0.26048,65536.0,256.0,256.0,1073741824.0,32768.0,0.99610894941634,0.26048,9.999997e-13,0.26048
32768,2.0,512,512,0.212736,0.109664,0.3224,262144.0,512.0,512.0,1073741824.0,32768.0,0.9922480620155014,0.3224,9.999997e-13,0.3224
32768,2.0,0,0,0.283904,0.0,0.283904,0.0,0.0,0.0,1073741824.0,32768.0,0.9999999999999969,0.283904,9.999997e-13,0.283904
24576,96.0,0,0,0.011552,0.0,0.011552,0.0,0.0,0.0,603979776.0,24576.0,0.999999999999996,0.011552,9.999997e-13,0.011552
24832,97.0,0,0,0.009344,0.0,0.009344,0.0,0.0,0.0,616628224.0,24832.0,0.999999999999996,0.009344,9.999997e-13,0.009344
24064,94.0,512,512,0.008768,0.060512,0.06928,262144.0,512.0,512.0,579076096.0,24064.0,0.9894736842105234,0.06928,9.999997e-13,0.06928
24320,95.0,512,512,0.00928,0.054464,0.063744,262144.0,512.0,512.0,591462400.0,24320.0,0.9895833333333304,0.063744,9.999997e-13,0.063744
24576,96.0,512,512,0.018208,0.020544,0.0387519999999999,262144.0,512.0,512.0,603979776.0,24576.0,0.9896907216494817,0.038752,9.999997e-13,0.038752
23552,92.0,1024,1024,0.018816,0.073184,0.092,1048576.0,1024.0,1024.0,554696704.0,23552.0,0.9787234042553162,0.092,9.999997e-13,0.092
23808,93.0,1024,1024,0.02208,0.066464,0.088544,1048576.0,1024.0,1024.0,566820864.0,23808.0,0.9789473684210497,0.088544,9.999997e-13,0.088544
24064,94.0,1024,1024,0.022272,0.061536,0.083808,1048576.0,1024.0,1024.0,579076096.0,24064.0,0.9791666666666637,0.083808,9.999997e-13,0.083808
24576,96.0,0,0,0.013472,0.0,0.013472,0.0,0.0,0.0,603979776.0,24576.0,0.999999999999996,0.013472,9.999997e-13,0.013472
24832,97.0,0,0,0.012384,0.0,0.012384,0.0,0.0,0.0,616628224.0,24832.0,0.999999999999996,0.012384,9.999997e-13,0.012384
7168,28.0,0,0,0.010624,0.0,0.010624,0.0,0.0,0.0,51380224.0,7168.0,0.999999999999986,0.010624,9.999997e-13,0.010624
7424,29.0,0,0,0.01616,0.0,0.01616,0.0,0.0,0.0,55115776.0,7424.0,0.9999999999999866,0.01616,9.999997e-13,0.01616
7680,30.0,0,0,0.0152,0.0,0.0152,0.0,0.0,0.0,58982400.0,7680.0,0.999999999999987,0.0152,9.999997e-13,0.0152
6656,26.0,512,512,0.02144,0.031072,0.052512,262144.0,512.0,512.0,44302336.0,6656.0,0.9629629629629526,0.052512,9.999997e-13,0.052512
6912,27.0,512,512,0.00864,0.075104,0.083744,262144.0,512.0,512.0,47775744.0,6912.0,0.9642857142857042,0.083744,9.999997e-13,0.083744
7168,28.0,512,512,0.011872,0.053184,0.065056,262144.0,512.0,512.0,51380224.0,7168.0,0.9655172413793006,0.065056,9.999997e-13,0.065056
7424,29.0,512,512,0.008896,0.046912,0.055808,262144.0,512.0,512.0,55115776.0,7424.0,0.9666666666666572,0.055808,9.999997e-13,0.055808
6400,25.0,1024,1024,0.015744,0.095328,0.111072,1048576.0,1024.0,1024.0,40960000.0,6400.0,0.9259259259259159,0.111072,9.999997e-13,0.111072
6656,26.0,1024,1024,0.017792,0.08592,0.103712,1048576.0,1024.0,1024.0,44302336.0,6656.0,0.9285714285714189,0.103712,9.999997e-13,0.103712
6912,27.0,1024,1024,0.012992,0.076768,0.08976,1048576.0,1024.0,1024.0,47775744.0,6912.0,0.9310344827586113,0.08976,9.999997e-13,0.08976
24576,48.0,0,0,0.020224,0.0,0.020224,0.0,0.0,0.0,603979776.0,24576.0,0.999999999999996,0.020224,9.999997e-13,0.020224
24064,47.0,512,512,0.01808,0.07344,0.09152,262144.0,512.0,512.0,579076096.0,24064.0,0.9894736842105234,0.09152,9.999997e-13,0.09152
24576,48.0,512,512,0.017152,0.06608,0.083232,262144.0,512.0,512.0,603979776.0,24576.0,0.9896907216494817,0.083232,9.999997e-13,0.083232
23552,46.0,1024,1024,0.02304,0.123168,0.146208,1048576.0,1024.0,1024.0,554696704.0,23552.0,0.9787234042553162,0.146208,9.999997e-13,0.146208
24064,47.0,1024,1024,0.01744,0.095712,0.113152,1048576.0,1024.0,1024.0,579076096.0,24064.0,0.9791666666666637,0.113152,9.999997e-13,0.113152
24576,48.0,1024,1024,0.023936,0.053536,0.077472,1048576.0,1024.0,1024.0,603979776.0,24576.0,0.9795918367346911,0.077472,9.999997e-13,0.077472
24576,48.0,0,0,0.018176,0.0,0.018176,0.0,0.0,0.0,603979776.0,24576.0,0.999999999999996,0.018176,9.999997e-13,0.018176
24064,47.0,512,512,0.021888,0.071904,0.093792,262144.0,512.0,512.0,579076096.0,24064.0,0.9894736842105234,0.093792,9.999997e-13,0.093792
24576,48.0,512,512,0.020576,0.0536,0.074176,262144.0,512.0,512.0,603979776.0,24576.0,0.9896907216494817,0.074176,9.999997e-13,0.074176
23552,46.0,1024,1024,0.022016,0.111328,0.133344,1048576.0,1024.0,1024.0,554696704.0,23552.0,0.9787234042553162,0.133344,9.999997e-13,0.133344
16384,32.0,0,0,0.031936,0.0,0.031936,0.0,0.0,0.0,268435456.0,16384.0,0.999999999999994,0.031936,9.999997e-13,0.031936
16896,33.0,0,0,0.019936,0.0,0.019936,0.0,0.0,0.0,285474816.0,16896.0,0.9999999999999942,0.019936,9.999997e-13,0.019936
17408,34.0,0,0,0.025152,0.0,0.025152,0.0,0.0,0.0,303038464.0,17408.0,0.9999999999999943,0.025152,9.999997e-13,0.025152
15872,31.0,512,512,0.021408,0.071936,0.093344,262144.0,512.0,512.0,251920384.0,15872.0,0.9841269841269796,0.093344,9.999997e-13,0.093344
16384,32.0,512,512,0.02432,0.068256,0.0925759999999999,262144.0,512.0,512.0,268435456.0,16384.0,0.9846153846153803,0.092576,9.999997e-13,0.092576
16896,33.0,512,512,0.018048,0.06384,0.0818879999999999,262144.0,512.0,512.0,285474816.0,16896.0,0.9850746268656675,0.081888,9.999997e-13,0.081888
15360,30.0,1024,1024,0.020832,0.164128,0.1849599999999999,1048576.0,1024.0,1024.0,235929600.0,15360.0,0.9677419354838664,0.18496,9.999997e-13,0.18496
15872,31.0,1024,1024,0.029472,0.093696,0.123168,1048576.0,1024.0,1024.0,251920384.0,15872.0,0.9687499999999957,0.123168,9.999997e-13,0.123168
16384,32.0,1024,1024,0.040512,0.079776,0.120288,1048576.0,1024.0,1024.0,268435456.0,16384.0,0.9696969696969655,0.120288,9.999997e-13,0.120288
16384,32.0,0,0,0.028064,0.0,0.028064,0.0,0.0,0.0,268435456.0,16384.0,0.999999999999994,0.028064,9.999997e-13,0.028064
24576,24.0,0,0,0.049888,0.0,0.049888,0.0,0.0,0.0,603979776.0,24576.0,0.999999999999996,0.049888,9.999997e-13,0.049888
23552,23.0,512,512,0.047296,0.086336,0.133632,262144.0,512.0,512.0,554696704.0,23552.0,0.989247311827954,0.133632,9.999997e-13,0.133632
24576,24.0,512,512,0.031744,0.072544,0.1042879999999999,262144.0,512.0,512.0,603979776.0,24576.0,0.9896907216494817,0.104288,9.999997e-13,0.104288
23552,23.0,1024,1024,0.042272,0.131744,0.174016,1048576.0,1024.0,1024.0,554696704.0,23552.0,0.9787234042553162,0.174016,9.999997e-13,0.174016
24576,24.0,1024,1024,0.076224,0.060192,0.136416,1048576.0,1024.0,1024.0,603979776.0,24576.0,0.9795918367346911,0.136416,9.999997e-13,0.136416
24576,24.0,0,0,0.061344,0.0,0.061344,0.0,0.0,0.0,603979776.0,24576.0,0.999999999999996,0.061344,9.999997e-13,0.061344
23552,23.0,512,512,0.044192,0.079488,0.12368,262144.0,512.0,512.0,554696704.0,23552.0,0.989247311827954,0.12368,9.999997e-13,0.12368
24576,24.0,512,512,0.034912,0.071168,0.10608,262144.0,512.0,512.0,603979776.0,24576.0,0.9896907216494817,0.10608,9.999997e-13,0.10608
23552,23.0,1024,1024,0.041728,0.13312,0.174848,1048576.0,1024.0,1024.0,554696704.0,23552.0,0.9787234042553162,0.174848,9.999997e-13,0.174848
24576,24.0,1024,1024,0.077312,0.061312,0.138624,1048576.0,1024.0,1024.0,603979776.0,24576.0,0.9795918367346911,0.138624,9.999997e-13,0.138624
6144,6.0,0,0,0.084064,0.0,0.084064,0.0,0.0,0.0,37748736.0,6144.0,0.9999999999999837,0.084064,9.999997e-13,0.084064
7168,7.0,0,0,0.035392,0.0,0.035392,0.0,0.0,0.0,51380224.0,7168.0,0.999999999999986,0.035392,9.999997e-13,0.035392
8192,8.0,0,0,0.038272,0.0,0.038272,0.0,0.0,0.0,67108864.0,8192.0,0.9999999999999878,0.038272,9.999997e-13,0.038272
6144,6.0,512,512,0.04992,0.09616,0.14608,262144.0,512.0,512.0,37748736.0,6144.0,0.9599999999999889,0.14608,9.999997e-13,0.14608
7168,7.0,512,512,0.034048,0.064992,0.0990399999999999,262144.0,512.0,512.0,51380224.0,7168.0,0.9655172413793006,0.09904,9.999997e-13,0.09904
6144,6.0,1024,1024,0.0352,0.11472,0.14992,1048576.0,1024.0,1024.0,37748736.0,6144.0,0.9230769230769127,0.14992,9.999997e-13,0.14992
6144,6.0,0,0,0.08272,0.0,0.08272,0.0,0.0,0.0,37748736.0,6144.0,0.9999999999999837,0.08272,9.999997e-13,0.08272
7168,7.0,0,0,0.03152,0.0,0.03152,0.0,0.0,0.0,51380224.0,7168.0,0.999999999999986,0.03152,9.999997e-13,0.03152
8192,8.0,0,0,0.0312,0.0,0.0312,0.0,0.0,0.0,67108864.0,8192.0,0.9999999999999878,0.0312,9.999997e-13,0.0312
6144,6.0,512,512,0.083008,0.000256,0.083264,262144.0,512.0,512.0,37748736.0,6144.0,0.9599999999999889,0.083264,9.999997e-13,0.083264
24576,12.0,0,0,0.141344,0.0,0.141344,0.0,0.0,0.0,603979776.0,24576.0,0.999999999999996,0.141344,9.999997e-13,0.141344
22528,11.0,512,512,0.127136,0.084832,0.211968,262144.0,512.0,512.0,507510784.0,22528.0,0.9887640449438171,0.211968,9.999997e-13,0.211968
24576,12.0,512,512,0.072096,0.083936,0.156032,262144.0,512.0,512.0,603979776.0,24576.0,0.9896907216494817,0.156032,9.999997e-13,0.156032
22528,11.0,1024,1024,0.147104,0.130368,0.277472,1048576.0,1024.0,1024.0,507510784.0,22528.0,0.9777777777777746,0.277472,9.999997e-13,0.277472
24576,12.0,1024,1024,0.08656,0.138304,0.224864,1048576.0,1024.0,1024.0,603979776.0,24576.0,0.9795918367346911,0.224864,9.999997e-13,0.224864
24576,12.0,0,0,0.138816,0.0,0.138816,0.0,0.0,0.0,603979776.0,24576.0,0.999999999999996,0.138816,9.999997e-13,0.138816
22528,11.0,512,512,0.123776,0.10032,0.224096,262144.0,512.0,512.0,507510784.0,22528.0,0.9887640449438171,0.224096,9.999997e-13,0.224096
24576,12.0,512,512,0.08432,0.082368,0.166688,262144.0,512.0,512.0,603979776.0,24576.0,0.9896907216494817,0.166688,9.999997e-13,0.166688
22528,11.0,1024,1024,0.138144,0.13056,0.268704,1048576.0,1024.0,1024.0,507510784.0,22528.0,0.9777777777777746,0.268704,9.999997e-13,0.268704
24576,12.0,1024,1024,0.08512,0.1496,0.23472,1048576.0,1024.0,1024.0,603979776.0,24576.0,0.9795918367346911,0.23472,9.999997e-13,0.23472
16384,8.0,0,0,0.134464,0.0,0.134464,0.0,0.0,0.0,268435456.0,16384.0,0.999999999999994,0.134464,9.999997e-13,0.134464
14336,7.0,512,512,0.147072,0.084448,0.23152,262144.0,512.0,512.0,205520896.0,14336.0,0.9824561403508721,0.23152,9.999997e-13,0.23152
16384,8.0,512,512,0.088096,0.076416,0.164512,262144.0,512.0,512.0,268435456.0,16384.0,0.9846153846153803,0.164512,9.999997e-13,0.164512
12288,6.0,1024,1024,0.170688,0.191904,0.362592,1048576.0,1024.0,1024.0,150994944.0,12288.0,0.9599999999999944,0.362592,9.999997e-13,0.362592
14336,7.0,1024,1024,0.117728,0.140992,0.25872,1048576.0,1024.0,1024.0,205520896.0,14336.0,0.9655172413793055,0.25872,9.999997e-13,0.25872
16384,8.0,1024,1024,0.139584,0.070176,0.20976,1048576.0,1024.0,1024.0,268435456.0,16384.0,0.9696969696969655,0.20976,9.999997e-13,0.20976
16384,8.0,0,0,0.131456,0.0,0.131456,0.0,0.0,0.0,268435456.0,16384.0,0.999999999999994,0.131456,9.999997e-13,0.131456
14336,7.0,512,512,0.145568,0.081248,0.226816,262144.0,512.0,512.0,205520896.0,14336.0,0.9824561403508721,0.226816,9.999997e-13,0.226816
16384,8.0,512,512,0.092576,0.07408,0.166656,262144.0,512.0,512.0,268435456.0,16384.0,0.9846153846153803,0.166656,9.999997e-13,0.166656
12288,6.0,1024,1024,0.173184,0.193216,0.3664,1048576.0,1024.0,1024.0,150994944.0,12288.0,0.9599999999999944,0.3664,9.999997e-13,0.3664
24576,6.0,0,0,0.292224,0.0,0.292224,0.0,0.0,0.0,603979776.0,24576.0,0.999999999999996,0.292224,9.999997e-13,0.292224
20480,5.0,512,512,0.249184,0.163072,0.4122559999999999,262144.0,512.0,512.0,419430400.0,20480.0,0.9876543209876508,0.412256,9.999997e-13,0.412256
24576,6.0,512,512,0.241248,0.094304,0.3355519999999999,262144.0,512.0,512.0,603979776.0,24576.0,0.9896907216494817,0.335552,9.999997e-13,0.335552
20480,5.0,1024,1024,0.347488,0.15184,0.499328,1048576.0,1024.0,1024.0,419430400.0,20480.0,0.9756097560975576,0.499328,9.999997e-13,0.499328
24576,6.0,1024,1024,0.2152,0.157504,0.372704,1048576.0,1024.0,1024.0,603979776.0,24576.0,0.9795918367346911,0.372704,9.999997e-13,0.372704
24576,6.0,0,0,0.300864,0.0,0.300864,0.0,0.0,0.0,603979776.0,24576.0,0.999999999999996,0.300864,9.999997e-13,0.300864
20480,5.0,512,512,0.25216,0.156576,0.408736,262144.0,512.0,512.0,419430400.0,20480.0,0.9876543209876508,0.408736,9.999997e-13,0.408736
24576,6.0,512,512,0.231936,0.090784,0.32272,262144.0,512.0,512.0,603979776.0,24576.0,0.9896907216494817,0.32272,9.999997e-13,0.32272
20480,5.0,1024,1024,0.33952,0.156576,0.496096,1048576.0,1024.0,1024.0,419430400.0,20480.0,0.9756097560975576,0.496096,9.999997e-13,0.496096
24576,6.0,1024,1024,0.220512,0.15168,0.372192,1048576.0,1024.0,1024.0,603979776.0,24576.0,0.9795918367346911,0.372192,9.999997e-13,0.372192
16384,4.0,0,0,0.29168,0.0,0.29168,0.0,0.0,0.0,268435456.0,16384.0,0.999999999999994,0.29168,9.999997e-13,0.29168
16384,4.0,512,512,0.226112,0.10128,0.327392,262144.0,512.0,512.0,268435456.0,16384.0,0.9846153846153803,0.327392,9.999997e-13,0.327392
16384,4.0,1024,1024,0.22352,0.15584,0.37936,1048576.0,1024.0,1024.0,268435456.0,16384.0,0.9696969696969655,0.37936,9.999997e-13,0.37936
16384,4.0,0,0,0.289376,0.0,0.289376,0.0,0.0,0.0,268435456.0,16384.0,0.999999999999994,0.289376,9.999997e-13,0.289376
16384,4.0,512,512,0.2368,0.095936,0.332736,262144.0,512.0,512.0,268435456.0,16384.0,0.9846153846153803,0.332736,9.999997e-13,0.332736
16384,4.0,1024,1024,0.227808,0.149856,0.377664,1048576.0,1024.0,1024.0,268435456.0,16384.0,0.9696969696969655,0.377664,9.999997e-13,0.377664
16384,4.0,0,0,0.304928,0.0,0.304928,0.0,0.0,0.0,268435456.0,16384.0,0.999999999999994,0.304928,9.999997e-13,0.304928
16384,4.0,512,512,0.246112,0.086528,0.33264,262144.0,512.0,512.0,268435456.0,16384.0,0.9846153846153803,0.33264,9.999997e-13,0.33264
16384,4.0,1024,1024,0.338464,0.087104,0.425568,1048576.0,1024.0,1024.0,268435456.0,16384.0,0.9696969696969655,0.425568,9.999997e-13,0.425568
16384,4.0,0,0,0.29488,0.0,0.29488,0.0,0.0,0.0,268435456.0,16384.0,0.999999999999994,0.29488,9.999997e-13,0.29488
16384,2.0,0,0,0.697024,0.0,0.697024,0.0,0.0,0.0,268435456.0,16384.0,0.999999999999994,0.697024,9.999997e-13,0.697024
24576,3.0,0,0,0.395808,0.0,0.395808,0.0,0.0,0.0,603979776.0,24576.0,0.999999999999996,0.395808,9.999997e-13,0.395808
32768,4.0,0,0,0.345536,0.0,0.345536,0.0,0.0,0.0,1073741824.0,32768.0,0.9999999999999969,0.345536,9.999997e-13,0.345536
16384,2.0,512,512,0.715552,0.018144,0.733696,262144.0,512.0,512.0,268435456.0,16384.0,0.9846153846153803,0.733696,9.999997e-13,0.733696
24576,3.0,512,512,0.393408,0.092544,0.485952,262144.0,512.0,512.0,603979776.0,24576.0,0.9896907216494817,0.485952,9.999997e-13,0.485952
16384,2.0,1024,1024,0.602176,0.176192,0.7783680000000001,1048576.0,1024.0,1024.0,268435456.0,16384.0,0.9696969696969655,0.778368,9.999997e-13,0.778368
24576,3.0,0,0,0.368352,0.0,0.368352,0.0,0.0,0.0,603979776.0,24576.0,0.999999999999996,0.368352,9.999997e-13,0.368352
32768,4.0,0,0,0.350656,0.0,0.350656,0.0,0.0,0.0,1073741824.0,32768.0,0.9999999999999969,0.350656,9.999997e-13,0.350656
16384,2.0,512,512,0.715488,0.01824,0.733728,262144.0,512.0,512.0,268435456.0,16384.0,0.9846153846153803,0.733728,9.999997e-13,0.733728
24576,3.0,512,512,0.412608,0.08816,0.500768,262144.0,512.0,512.0,603979776.0,24576.0,0.9896907216494817,0.500768,9.999997e-13,0.500768
16384,2.0,0,0,0.474784,0.0,0.474784,0.0,0.0,0.0,268435456.0,16384.0,0.999999999999994,0.474784,9.999997e-13,0.474784
24576,3.0,0,0,0.306304,0.0,0.306304,0.0,0.0,0.0,603979776.0,24576.0,0.999999999999996,0.306304,9.999997e-13,0.306304
32768,4.0,0,0,0.36816,0.0,0.36816,0.0,0.0,0.0,1073741824.0,32768.0,0.9999999999999969,0.36816,9.999997e-13,0.36816
40960,5.0,0,0,0.256896,0.0,0.256896,0.0,0.0,0.0,1677721600.0,40960.0,0.9999999999999976,0.256896,9.999997e-13,0.256896
49152,6.0,0,0,0.150048,0.0,0.150048,0.0,0.0,0.0,2415919104.0,49152.0,0.9999999999999979,0.150048,9.999997e-13,0.150048
16384,2.0,512,512,0.412704,0.108352,0.521056,262144.0,512.0,512.0,268435456.0,16384.0,0.9846153846153803,0.521056,9.999997e-13,0.521056
24576,3.0,512,512,0.3912,0.092416,0.483616,262144.0,512.0,512.0,603979776.0,24576.0,0.9896907216494817,0.483616,9.999997e-13,0.483616
32768,4.0,512,512,0.291936,0.096128,0.3880639999999999,262144.0,512.0,512.0,1073741824.0,32768.0,0.9922480620155014,0.388064,9.999997e-13,0.388064
40960,5.0,512,512,0.280608,0.030304,0.310912,262144.0,512.0,512.0,1677721600.0,40960.0,0.9937888198757745,0.310912,9.999997e-13,0.310912
16384,2.0,1024,1024,0.393088,0.147008,0.540096,1048576.0,1024.0,1024.0,268435456.0,16384.0,0.9696969696969655,0.540096,9.999997e-13,0.540096
32768,2.0,0,0,0.931904,0.0,0.931904,0.0,0.0,0.0,1073741824.0,32768.0,0.9999999999999969,0.931904,9.999997e-13,0.931904
49152,3.0,0,0,0.654464,0.0,0.654464,0.0,0.0,0.0,2415919104.0,49152.0,0.9999999999999979,0.654464,9.999997e-13,0.654464
65536,4.0,0,0,0.492128,0.0,0.492128,0.0,0.0,0.0,4294967296.0,65536.0,0.9999999999999984,0.492128,9.999997e-13,0.492128
32768,2.0,512,512,0.877152,0.08416,0.961312,262144.0,512.0,512.0,1073741824.0,32768.0,0.9922480620155014,0.961312,9.999997e-13,0.961312
49152,3.0,512,512,0.750464,0.097216,0.84768,262144.0,512.0,512.0,2415919104.0,49152.0,0.9948186528497394,0.84768,9.999997e-13,0.84768
65536,4.0,512,512,0.510912,0.101216,0.612128,262144.0,512.0,512.0,4294967296.0,65536.0,0.9961089494163413,0.612128,9.999997e-13,0.612128
32768,2.0,1024,1024,0.815776,0.1368,0.952576,1048576.0,1024.0,1024.0,1073741824.0,32768.0,0.9846153846153822,0.952576,9.999997e-13,0.952576
49152,3.0,1024,1024,0.789056,0.135008,0.924064,1048576.0,1024.0,1024.0,2415919104.0,49152.0,0.9896907216494829,0.924064,9.999997e-13,0.924064
65536,4.0,1024,1024,0.688416,0.081568,0.769984,1048576.0,1024.0,1024.0,4294967296.0,65536.0,0.9922480620155028,0.769984,9.999997e-13,0.769984
32768,2.0,0,0,0.855904,0.0,0.855904,0.0,0.0,0.0,1073741824.0,32768.0,0.9999999999999969,0.855904,9.999997e-13,0.855904
32768,2.0,0,0,0.202336,0.0,0.202336,0.0,0.0,0.0,1073741824.0,32768.0,0.9999999999999969,0.202336,9.999997e-13,0.202336
16384,1.0,512,512,0.10416,0.105408,0.209568,262144.0,512.0,512.0,268435456.0,16384.0,0.9846153846153803,0.209568,9.999997e-13,0.209568
32768,2.0,512,512,0.095552,0.095072,0.190624,262144.0,512.0,512.0,1073741824.0,32768.0,0.9922480620155014,0.190624,9.999997e-13,0.190624
16384,1.0,1024,1024,0.098208,0.113344,0.211552,1048576.0,1024.0,1024.0,268435456.0,16384.0,0.9696969696969655,0.211552,9.999997e-13,0.211552
32768,2.0,1024,1024,0.11408,0.129824,0.243904,1048576.0,1024.0,1024.0,1073741824.0,32768.0,0.9846153846153822,0.243904,9.999997e-13,0.243904
32768,2.0,0,0,0.19616,0.0,0.19616,0.0,0.0,0.0,1073741824.0,32768.0,0.9999999999999969,0.19616,9.999997e-13,0.19616
16384,1.0,512,512,0.10416,0.105408,0.209568,262144.0,512.0,512.0,268435456.0,16384.0,0.9846153846153803,0.209568,9.999997e-13,0.209568
32768,2.0,512,512,0.103968,0.094912,0.19888,262144.0,512.0,512.0,1073741824.0,32768.0,0.9922480620155014,0.19888,9.999997e-13,0.19888
16384,1.0,1024,1024,0.097632,0.11392,0.211552,1048576.0,1024.0,1024.0,268435456.0,16384.0,0.9696969696969655,0.211552,9.999997e-13,0.211552
32768,2.0,1024,1024,0.096736,0.146976,0.2437119999999999,1048576.0,1024.0,1024.0,1073741824.0,32768.0,0.9846153846153822,0.243712,9.999997e-13,0.243712
24320,95.0,1024,1024,0.008352,0.088992,0.097344,1048576.0,1024.0,1024.0,591462400.0,24320.0,0.9793814432989661,0.097344,9.999997e-13,0.097344
24576,96.0,1024,1024,0.007744,0.085952,0.093696,1048576.0,1024.0,1024.0,603979776.0,24576.0,0.9795918367346911,0.093696,9.999997e-13,0.093696
24832,97.0,1024,1024,0.018528,0.039936,0.058464,1048576.0,1024.0,1024.0,616628224.0,24832.0,0.979797979797977,0.058464,9.999997e-13,0.058464
25344,99.0,1024,1024,0.018304,0.00032,0.018624,1048576.0,1024.0,1024.0,642318336.0,25344.0,0.9801980198019774,0.018624,9.999997e-13,0.018624
23296,91.0,2048,2048,0.021024,0.113536,0.13456,4194304.0,2048.0,2048.0,542703616.0,23296.0,0.9578947368421024,0.13456,9.999997e-13,0.13456
23552,92.0,2048,2048,0.017728,0.120384,0.138112,4194304.0,2048.0,2048.0,554696704.0,23552.0,0.9583333333333305,0.138112,9.999997e-13,0.138112
23808,93.0,2048,2048,0.018624,0.120576,0.1392,4194304.0,2048.0,2048.0,566820864.0,23808.0,0.9587628865979353,0.1392,9.999997e-13,0.1392
24064,94.0,2048,2048,0.019104,0.090432,0.109536,4194304.0,2048.0,2048.0,579076096.0,24064.0,0.9591836734693849,0.109536,9.999997e-13,0.109536
24320,95.0,2048,2048,0.025824,0.062656,0.08848,4194304.0,2048.0,2048.0,591462400.0,24320.0,0.9595959595959569,0.08848,9.999997e-13,0.08848
24576,96.0,2048,2048,0.024416,0.083872,0.108288,4194304.0,2048.0,2048.0,603979776.0,24576.0,0.9599999999999973,0.108288,9.999997e-13,0.108288
14336,56.0,1024,1024,0.009696,0.088192,0.097888,1048576.0,1024.0,1024.0,205520896.0,14336.0,0.9655172413793055,0.097888,9.999997e-13,0.097888
14848,58.0,1024,1024,0.017568,0.047296,0.064864,1048576.0,1024.0,1024.0,220463104.0,14848.0,0.966666666666662,0.064864,9.999997e-13,0.064864
15104,59.0,1024,1024,0.010592,0.018688,0.02928,1048576.0,1024.0,1024.0,228130816.0,15104.0,0.9672131147540938,0.02928,9.999997e-13,0.02928
13312,52.0,2048,2048,0.018976,0.132064,0.1510399999999999,4194304.0,2048.0,2048.0,177209344.0,13312.0,0.9285714285714237,0.15104,9.999997e-13,0.15104
13568,53.0,2048,2048,0.022048,0.12992,0.151968,4194304.0,2048.0,2048.0,184090624.0,13568.0,0.929824561403504,0.151968,9.999997e-13,0.151968
13824,54.0,2048,2048,0.018752,0.111328,0.13008,4194304.0,2048.0,2048.0,191102976.0,13824.0,0.931034482758616,0.13008,9.999997e-13,0.13008
14080,55.0,2048,2048,0.02,0.106304,0.126304,4194304.0,2048.0,2048.0,198246400.0,14080.0,0.9322033898305039,0.126304,9.999997e-13,0.126304
14336,56.0,2048,2048,0.019168,0.10656,0.125728,4194304.0,2048.0,2048.0,205520896.0,14336.0,0.9333333333333288,0.125728,9.999997e-13,0.125728
14592,57.0,2048,2048,0.012512,0.077152,0.089664,4194304.0,2048.0,2048.0,212926464.0,14592.0,0.9344262295081922,0.089664,9.999997e-13,0.089664
14848,58.0,2048,2048,0.01072,0.061024,0.071744,4194304.0,2048.0,2048.0,220463104.0,14848.0,0.9354838709677376,0.071744,9.999997e-13,0.071744
24576,48.0,1024,1024,0.023264,0.120192,0.143456,1048576.0,1024.0,1024.0,603979776.0,24576.0,0.9795918367346911,0.143456,9.999997e-13,0.143456
25088,49.0,1024,1024,0.023328,0.035776,0.059104,1048576.0,1024.0,1024.0,629407744.0,25088.0,0.9799999999999972,0.059104,9.999997e-13,0.059104
25600,50.0,1024,1024,0.03024,0.015552,0.045792,1048576.0,1024.0,1024.0,655360000.0,25600.0,0.9803921568627424,0.045792,9.999997e-13,0.045792
23552,46.0,2048,2048,0.044928,0.143712,0.18864,4194304.0,2048.0,2048.0,554696704.0,23552.0,0.9583333333333305,0.18864,9.999997e-13,0.18864
24064,47.0,2048,2048,0.035136,0.106368,0.141504,4194304.0,2048.0,2048.0,579076096.0,24064.0,0.9591836734693849,0.141504,9.999997e-13,0.141504
24576,48.0,2048,2048,0.019776,0.115552,0.135328,4194304.0,2048.0,2048.0,603979776.0,24576.0,0.9599999999999973,0.135328,9.999997e-13,0.135328
25088,49.0,2048,2048,0.021056,0.083296,0.104352,4194304.0,2048.0,2048.0,629407744.0,25088.0,0.9607843137254876,0.104352,9.999997e-13,0.104352
25600,50.0,2048,2048,0.027744,0.062432,0.090176,4194304.0,2048.0,2048.0,655360000.0,25600.0,0.9615384615384589,0.090176,9.999997e-13,0.090176
24576,48.0,1024,1024,0.027328,0.1136,0.140928,1048576.0,1024.0,1024.0,603979776.0,24576.0,0.9795918367346911,0.140928,9.999997e-13,0.140928
25088,49.0,1024,1024,0.027616,0.03456,0.062176,1048576.0,1024.0,1024.0,629407744.0,25088.0,0.9799999999999972,0.062176,9.999997e-13,0.062176
11776,23.0,1024,1024,0.045184,0.09984,0.145024,1048576.0,1024.0,1024.0,138674176.0,11776.0,0.9583333333333275,0.145024,9.999997e-13,0.145024
12288,24.0,1024,1024,0.02928,0.033632,0.062912,1048576.0,1024.0,1024.0,150994944.0,12288.0,0.9599999999999944,0.062912,9.999997e-13,0.062912
12800,25.0,1024,1024,0.028064,0.018816,0.04688,1048576.0,1024.0,1024.0,163840000.0,12800.0,0.9615384615384561,0.04688,9.999997e-13,0.04688
10240,20.0,2048,2048,0.03408,0.162176,0.1962559999999999,4194304.0,2048.0,2048.0,104857600.0,10240.0,0.9090909090909031,0.196256,9.999997e-13,0.196256
10752,21.0,2048,2048,0.03504,0.172256,0.2072959999999999,4194304.0,2048.0,2048.0,115605504.0,10752.0,0.9130434782608637,0.207296,9.999997e-13,0.207296
11264,22.0,2048,2048,0.03024,0.0984,0.12864,4194304.0,2048.0,2048.0,126877696.0,11264.0,0.9166666666666611,0.12864,9.999997e-13,0.12864
11776,23.0,2048,2048,0.030368,0.113472,0.14384,4194304.0,2048.0,2048.0,138674176.0,11776.0,0.9199999999999946,0.14384,9.999997e-13,0.14384
12288,24.0,2048,2048,0.027168,0.067872,0.09504,4194304.0,2048.0,2048.0,150994944.0,12288.0,0.9230769230769179,0.09504,9.999997e-13,0.09504
11776,23.0,1024,1024,0.042752,0.09792,0.140672,1048576.0,1024.0,1024.0,138674176.0,11776.0,0.9583333333333275,0.140672,9.999997e-13,0.140672
12800,25.0,1024,1024,0.027968,0.01888,0.046848,1048576.0,1024.0,1024.0,163840000.0,12800.0,0.9615384615384561,0.046848,9.999997e-13,0.046848
24576,24.0,1024,1024,0.046912,0.111456,0.158368,1048576.0,1024.0,1024.0,603979776.0,24576.0,0.9795918367346911,0.158368,9.999997e-13,0.158368
25600,25.0,1024,1024,0.05248,0.02448,0.07696,1048576.0,1024.0,1024.0,655360000.0,25600.0,0.9803921568627424,0.07696,9.999997e-13,0.07696
22528,22.0,2048,2048,0.073312,0.161984,0.235296,4194304.0,2048.0,2048.0,507510784.0,22528.0,0.9565217391304318,0.235296,9.999997e-13,0.235296
23552,23.0,2048,2048,0.048736,0.13584,0.184576,4194304.0,2048.0,2048.0,554696704.0,23552.0,0.9583333333333305,0.184576,9.999997e-13,0.184576
24576,24.0,2048,2048,0.048448,0.147744,0.1961919999999999,4194304.0,2048.0,2048.0,603979776.0,24576.0,0.9599999999999973,0.196192,9.999997e-13,0.196192
24576,24.0,1024,1024,0.046464,0.111488,0.157952,1048576.0,1024.0,1024.0,603979776.0,24576.0,0.9795918367346911,0.157952,9.999997e-13,0.157952
25600,25.0,1024,1024,0.06016,0.016736,0.0768959999999999,1048576.0,1024.0,1024.0,655360000.0,25600.0,0.9803921568627424,0.076896,9.999997e-13,0.076896
22528,22.0,2048,2048,0.070304,0.17232,0.242624,4194304.0,2048.0,2048.0,507510784.0,22528.0,0.9565217391304318,0.242624,9.999997e-13,0.242624
23552,23.0,2048,2048,0.064,0.136768,0.200768,4194304.0,2048.0,2048.0,554696704.0,23552.0,0.9583333333333305,0.200768,9.999997e-13,0.200768
24576,24.0,2048,2048,0.046016,0.157696,0.203712,4194304.0,2048.0,2048.0,603979776.0,24576.0,0.9599999999999973,0.203712,9.999997e-13,0.203712
5120,5.0,1024,1024,0.046432,0.1008,0.147232,1048576.0,1024.0,1024.0,26214400.0,5120.0,0.9090909090908971,0.147232,9.999997e-13,0.147232
6144,6.0,1024,1024,0.064992,0.0,0.064992,1048576.0,1024.0,1024.0,37748736.0,6144.0,0.9230769230769127,0.064992,9.999997e-13,0.064992
4096,4.0,2048,2048,0.045248,0.163904,0.209152,4194304.0,2048.0,2048.0,16777216.0,4096.0,0.7999999999999884,0.209152,9.999997e-13,0.209152
5120,5.0,2048,2048,0.05376,0.151296,0.205056,4194304.0,2048.0,2048.0,26214400.0,5120.0,0.8333333333333233,0.205056,9.999997e-13,0.205056
6144,6.0,2048,2048,0.059072,0.0832,0.142272,4194304.0,2048.0,2048.0,37748736.0,6144.0,0.8571428571428482,0.142272,9.999997e-13,0.142272
5120,5.0,1024,1024,0.046432,0.1008,0.147232,1048576.0,1024.0,1024.0,26214400.0,5120.0,0.9090909090908971,0.147232,9.999997e-13,0.147232
6144,6.0,1024,1024,0.05728,0.00032,0.0576,1048576.0,1024.0,1024.0,37748736.0,6144.0,0.9230769230769127,0.0576,9.999997e-13,0.0576
4096,4.0,2048,2048,0.050944,0.15856,0.209504,4194304.0,2048.0,2048.0,16777216.0,4096.0,0.7999999999999884,0.209504,9.999997e-13,0.209504
5120,5.0,2048,2048,0.048608,0.147392,0.196,4194304.0,2048.0,2048.0,26214400.0,5120.0,0.8333333333333233,0.196,9.999997e-13,0.196
6144,6.0,2048,2048,0.020928,0.102848,0.123776,4194304.0,2048.0,2048.0,37748736.0,6144.0,0.8571428571428482,0.123776,9.999997e-13,0.123776
22528,11.0,1024,1024,0.110272,0.130144,0.240416,1048576.0,1024.0,1024.0,507510784.0,22528.0,0.9777777777777746,0.240416,9.999997e-13,0.240416
24576,12.0,1024,1024,0.154304,0.019104,0.173408,1048576.0,1024.0,1024.0,603979776.0,24576.0,0.9795918367346911,0.173408,9.999997e-13,0.173408
20480,10.0,2048,2048,0.149216,0.22736,0.376576,4194304.0,2048.0,2048.0,419430400.0,20480.0,0.9523809523809491,0.376576,9.999997e-13,0.376576
22528,11.0,2048,2048,0.127904,0.212032,0.339936,4194304.0,2048.0,2048.0,507510784.0,22528.0,0.9565217391304318,0.339936,9.999997e-13,0.339936
24576,12.0,2048,2048,0.138368,0.144544,0.282912,4194304.0,2048.0,2048.0,603979776.0,24576.0,0.9599999999999973,0.282912,9.999997e-13,0.282912
22528,11.0,1024,1024,0.112928,0.130112,0.24304,1048576.0,1024.0,1024.0,507510784.0,22528.0,0.9777777777777746,0.24304,9.999997e-13,0.24304
24576,12.0,1024,1024,0.139456,0.006144,0.1456,1048576.0,1024.0,1024.0,603979776.0,24576.0,0.9795918367346911,0.1456,9.999997e-13,0.1456
20480,10.0,2048,2048,0.149152,0.226048,0.3752,4194304.0,2048.0,2048.0,419430400.0,20480.0,0.9523809523809491,0.3752,9.999997e-13,0.3752
22528,11.0,2048,2048,0.16048,0.119392,0.279872,4194304.0,2048.0,2048.0,507510784.0,22528.0,0.9565217391304318,0.279872,9.999997e-13,0.279872
24576,12.0,2048,2048,0.126656,0.128352,0.255008,4194304.0,2048.0,2048.0,603979776.0,24576.0,0.9599999999999973,0.255008,9.999997e-13,0.255008
6144,3.0,1024,1024,0.09664,0.0552,0.15184,1048576.0,1024.0,1024.0,37748736.0,6144.0,0.9230769230769127,0.15184,9.999997e-13,0.15184
8192,4.0,1024,1024,0.100736,0.011232,0.111968,1048576.0,1024.0,1024.0,67108864.0,8192.0,0.9411764705882272,0.111968,9.999997e-13,0.111968
4096,2.0,2048,2048,0.095168,0.160512,0.25568,4194304.0,2048.0,2048.0,16777216.0,4096.0,0.7999999999999884,0.25568,9.999997e-13,0.25568
6144,3.0,2048,2048,0.067104,0.119936,0.1870399999999999,4194304.0,2048.0,2048.0,37748736.0,6144.0,0.8571428571428482,0.18704,9.999997e-13,0.18704
8192,4.0,2048,2048,0.1056,0.07472,0.1803199999999999,4194304.0,2048.0,2048.0,67108864.0,8192.0,0.8888888888888817,0.18032,9.999997e-13,0.18032
6144,3.0,1024,1024,0.055168,0.117728,0.172896,1048576.0,1024.0,1024.0,37748736.0,6144.0,0.9230769230769127,0.172896,9.999997e-13,0.172896
8192,4.0,1024,1024,0.1008,0.011008,0.111808,1048576.0,1024.0,1024.0,67108864.0,8192.0,0.9411764705882272,0.111808,9.999997e-13,0.111808
4096,2.0,2048,2048,0.099104,0.158304,0.2574079999999999,4194304.0,2048.0,2048.0,16777216.0,4096.0,0.7999999999999884,0.257408,9.999997e-13,0.257408
6144,3.0,2048,2048,0.067072,0.119264,0.186336,4194304.0,2048.0,2048.0,37748736.0,6144.0,0.8571428571428482,0.186336,9.999997e-13,0.186336
8192,4.0,2048,2048,0.106624,0.07456,0.181184,4194304.0,2048.0,2048.0,67108864.0,8192.0,0.8888888888888817,0.181184,9.999997e-13,0.181184
20480,5.0,1024,1024,0.290656,0.12304,0.413696,1048576.0,1024.0,1024.0,419430400.0,20480.0,0.9756097560975576,0.413696,9.999997e-13,0.413696
24576,6.0,1024,1024,0.300992,0.024352,0.3253439999999999,1048576.0,1024.0,1024.0,603979776.0,24576.0,0.9795918367346911,0.325344,9.999997e-13,0.325344
20480,5.0,2048,2048,0.341632,0.116736,0.458368,4194304.0,2048.0,2048.0,419430400.0,20480.0,0.9523809523809491,0.458368,9.999997e-13,0.458368
24576,6.0,2048,2048,0.2736,0.171136,0.444736,4194304.0,2048.0,2048.0,603979776.0,24576.0,0.9599999999999973,0.444736,9.999997e-13,0.444736
20480,5.0,1024,1024,0.285184,0.11632,0.4015039999999999,1048576.0,1024.0,1024.0,419430400.0,20480.0,0.9756097560975576,0.401504,9.999997e-13,0.401504
24576,6.0,1024,1024,0.30912,0.031776,0.340896,1048576.0,1024.0,1024.0,603979776.0,24576.0,0.9795918367346911,0.340896,9.999997e-13,0.340896
20480,5.0,2048,2048,0.316928,0.116896,0.433824,4194304.0,2048.0,2048.0,419430400.0,20480.0,0.9523809523809491,0.433824,9.999997e-13,0.433824
24576,6.0,2048,2048,0.272576,0.173568,0.446144,4194304.0,2048.0,2048.0,603979776.0,24576.0,0.9599999999999973,0.446144,9.999997e-13,0.446144
20480,5.0,1024,1024,0.28944,0.117664,0.4071039999999999,1048576.0,1024.0,1024.0,419430400.0,20480.0,0.9756097560975576,0.407104,9.999997e-13,0.407104
24576,6.0,1024,1024,0.307136,0.026816,0.333952,1048576.0,1024.0,1024.0,603979776.0,24576.0,0.9795918367346911,0.333952,9.999997e-13,0.333952
8192,2.0,1024,1024,0.201056,0.01296,0.214016,1048576.0,1024.0,1024.0,67108864.0,8192.0,0.9411764705882272,0.214016,9.999997e-13,0.214016
8192,2.0,2048,2048,0.042816,0.199328,0.242144,4194304.0,2048.0,2048.0,67108864.0,8192.0,0.8888888888888817,0.242144,9.999997e-13,0.242144
12288,3.0,2048,2048,0.039744,0.172096,0.21184,4194304.0,2048.0,2048.0,150994944.0,12288.0,0.9230769230769179,0.21184,9.999997e-13,0.21184
16384,4.0,2048,2048,0.03408,0.142784,0.176864,4194304.0,2048.0,2048.0,268435456.0,16384.0,0.9411764705882314,0.176864,9.999997e-13,0.176864
20480,5.0,2048,2048,0.109504,0.101312,0.210816,4194304.0,2048.0,2048.0,419430400.0,20480.0,0.9523809523809491,0.210816,9.999997e-13,0.210816
24576,6.0,2048,2048,0.016224,0.103008,0.119232,4194304.0,2048.0,2048.0,603979776.0,24576.0,0.9599999999999973,0.119232,9.999997e-13,0.119232
8192,2.0,1024,1024,0.200992,0.01312,0.214112,1048576.0,1024.0,1024.0,67108864.0,8192.0,0.9411764705882272,0.214112,9.999997e-13,0.214112
8192,2.0,2048,2048,0.0912,0.189312,0.280512,4194304.0,2048.0,2048.0,67108864.0,8192.0,0.8888888888888817,0.280512,9.999997e-13,0.280512
12288,3.0,2048,2048,0.162496,0.116672,0.2791679999999999,4194304.0,2048.0,2048.0,150994944.0,12288.0,0.9230769230769179,0.279168,9.999997e-13,0.279168
16384,4.0,2048,2048,0.152704,0.12032,0.273024,4194304.0,2048.0,2048.0,268435456.0,16384.0,0.9411764705882314,0.273024,9.999997e-13,0.273024
24576,3.0,1024,1024,0.326336,0.123264,0.4496,1048576.0,1024.0,1024.0,603979776.0,24576.0,0.9795918367346911,0.4496,9.999997e-13,0.4496
32768,4.0,1024,1024,0.379776,0.00912,0.388896,1048576.0,1024.0,1024.0,1073741824.0,32768.0,0.9846153846153822,0.388896,9.999997e-13,0.388896
16384,2.0,2048,2048,0.598656,0.204192,0.802848,4194304.0,2048.0,2048.0,268435456.0,16384.0,0.9411764705882314,0.802848,9.999997e-13,0.802848
24576,3.0,2048,2048,0.295168,0.184448,0.479616,4194304.0,2048.0,2048.0,603979776.0,24576.0,0.9599999999999973,0.479616,9.999997e-13,0.479616
32768,4.0,2048,2048,0.342944,0.111072,0.454016,4194304.0,2048.0,2048.0,1073741824.0,32768.0,0.9696969696969674,0.454016,9.999997e-13,0.454016
24576,3.0,1024,1024,0.401184,0.11376,0.514944,1048576.0,1024.0,1024.0,603979776.0,24576.0,0.9795918367346911,0.514944,9.999997e-13,0.514944
32768,4.0,1024,1024,0.37952,0.009152,0.388672,1048576.0,1024.0,1024.0,1073741824.0,32768.0,0.9846153846153822,0.388672,9.999997e-13,0.388672
16384,2.0,2048,2048,0.597056,0.203392,0.800448,4194304.0,2048.0,2048.0,268435456.0,16384.0,0.9411764705882314,0.800448,9.999997e-13,0.800448
24576,3.0,2048,2048,0.294752,0.184352,0.479104,4194304.0,2048.0,2048.0,603979776.0,24576.0,0.9599999999999973,0.479104,9.999997e-13,0.479104
32768,4.0,2048,2048,0.336256,0.117568,0.453824,4194304.0,2048.0,2048.0,1073741824.0,32768.0,0.9696969696969674,0.453824,9.999997e-13,0.453824
8192,1.0,1024,1024,0.114048,0.113568,0.2276159999999999,1048576.0,1024.0,1024.0,67108864.0,8192.0,0.9411764705882272,0.227616,9.999997e-13,0.227616
16384,2.0,1024,1024,0.250528,0.024704,0.275232,1048576.0,1024.0,1024.0,268435456.0,16384.0,0.9696969696969655,0.275232,9.999997e-13,0.275232
0,0.0,2048,2048,0.0,0.232192,0.232192,4194304.0,2048.0,2048.0,0.0,0.0,0.0,0.232192,9.999997e-13,0.232192
8192,1.0,2048,2048,0.031104,0.244192,0.275296,4194304.0,2048.0,2048.0,67108864.0,8192.0,0.8888888888888817,0.275296,9.999997e-13,0.275296
16384,2.0,2048,2048,0.189024,0.180608,0.3696319999999999,4194304.0,2048.0,2048.0,268435456.0,16384.0,0.9411764705882314,0.369632,9.999997e-13,0.369632
8192,1.0,1024,1024,0.112448,0.111968,0.224416,1048576.0,1024.0,1024.0,67108864.0,8192.0,0.9411764705882272,0.224416,9.999997e-13,0.224416
16384,2.0,1024,1024,0.264704,0.05456,0.319264,1048576.0,1024.0,1024.0,268435456.0,16384.0,0.9696969696969655,0.319264,9.999997e-13,0.319264
0,0.0,2048,2048,0.0,0.232288,0.232288,4194304.0,2048.0,2048.0,0.0,0.0,0.0,0.232288,9.999997e-13,0.232288
8192,1.0,2048,2048,0.116608,0.180832,0.29744,4194304.0,2048.0,2048.0,67108864.0,8192.0,0.8888888888888817,0.29744,9.999997e-13,0.29744
16384,2.0,2048,2048,0.203776,0.160128,0.363904,4194304.0,2048.0,2048.0,268435456.0,16384.0,0.9411764705882314,0.363904,9.999997e-13,0.363904
32768,2.0,1024,1024,0.88032,0.010272,0.8905919999999999,1048576.0,1024.0,1024.0,1073741824.0,32768.0,0.9846153846153822,0.890592,9.999997e-13,0.890592
32768,2.0,2048,2048,0.780704,0.193824,0.974528,4194304.0,2048.0,2048.0,1073741824.0,32768.0,0.9696969696969674,0.974528,9.999997e-13,0.974528
49152,3.0,2048,2048,0.595904,0.153472,0.749376,4194304.0,2048.0,2048.0,2415919104.0,49152.0,0.9795918367346923,0.749376,9.999997e-13,0.749376
65536,4.0,2048,2048,0.476544,0.221728,0.698272,4194304.0,2048.0,2048.0,4294967296.0,65536.0,0.9846153846153836,0.698272,9.999997e-13,0.698272
32768,2.0,1024,1024,0.909952,0.041344,0.951296,1048576.0,1024.0,1024.0,1073741824.0,32768.0,0.9846153846153822,0.951296,9.999997e-13,0.951296
32768,2.0,2048,2048,0.821632,0.140448,0.96208,4194304.0,2048.0,2048.0,1073741824.0,32768.0,0.9696969696969674,0.96208,9.999997e-13,0.96208
49152,3.0,2048,2048,0.606912,0.13344,0.740352,4194304.0,2048.0,2048.0,2415919104.0,49152.0,0.9795918367346923,0.740352,9.999997e-13,0.740352
65536,4.0,2048,2048,0.734208,0.127328,0.861536,4194304.0,2048.0,2048.0,4294967296.0,65536.0,0.9846153846153836,0.861536,9.999997e-13,0.861536
32768,2.0,1024,1024,0.880832,0.01088,0.891712,1048576.0,1024.0,1024.0,1073741824.0,32768.0,0.9846153846153822,0.891712,9.999997e-13,0.891712
32768,2.0,2048,2048,0.82144,0.123456,0.944896,4194304.0,2048.0,2048.0,1073741824.0,32768.0,0.9696969696969674,0.944896,9.999997e-13,0.944896
16384,1.0,1024,1024,0.096,0.095808,0.191808,1048576.0,1024.0,1024.0,268435456.0,16384.0,0.9696969696969655,0.191808,9.999997e-13,0.191808
32768,2.0,1024,1024,0.232064,0.018624,0.250688,1048576.0,1024.0,1024.0,1073741824.0,32768.0,0.9846153846153822,0.250688,9.999997e-13,0.250688
0,0.0,2048,2048,0.0,0.210208,0.210208,4194304.0,2048.0,2048.0,0.0,0.0,0.0,0.210208,9.999997e-13,0.210208
16384,1.0,2048,2048,0.02752,0.209472,0.2369919999999999,4194304.0,2048.0,2048.0,268435456.0,16384.0,0.9411764705882314,0.236992,9.999997e-13,0.236992
32768,2.0,2048,2048,0.199968,0.1368,0.336768,4194304.0,2048.0,2048.0,1073741824.0,32768.0,0.9696969696969674,0.336768,9.999997e-13,0.336768
16384,1.0,1024,1024,0.095456,0.095232,0.190688,1048576.0,1024.0,1024.0,268435456.0,16384.0,0.9696969696969655,0.190688,9.999997e-13,0.190688
32768,2.0,1024,1024,0.238144,0.024608,0.262752,1048576.0,1024.0,1024.0,1073741824.0,32768.0,0.9846153846153822,0.262752,9.999997e-13,0.262752
0,0.0,2048,2048,0.0,0.18928,0.18928,4194304.0,2048.0,2048.0,0.0,0.0,0.0,0.18928,9.999997e-13,0.18928
16384,1.0,2048,2048,0.050592,0.185792,0.236384,4194304.0,2048.0,2048.0,268435456.0,16384.0,0.9411764705882314,0.236384,9.999997e-13,0.236384
32768,2.0,2048,2048,0.188096,0.170272,0.358368,4194304.0,2048.0,2048.0,1073741824.0,32768.0,0.9696969696969674,0.358368,9.999997e-13,0.358368
26368,103.0,4096,4096,0.0168,0.16624,0.18304,16777216.0,4096.0,4096.0,695271424.0,26368.0,0.9279279279279256,0.18304,9.999997e-13,0.18304
24320,95.0,6144,6144,0.009184,0.197632,0.206816,37748736.0,6144.0,6144.0,591462400.0,24320.0,0.8878504672897173,0.206816,9.999997e-13,0.206816
24576,96.0,6144,6144,0.016,0.195648,0.211648,37748736.0,6144.0,6144.0,603979776.0,24576.0,0.8888888888888865,0.211648,9.999997e-13,0.211648
24832,97.0,6144,6144,0.019328,0.12288,0.142208,37748736.0,6144.0,6144.0,616628224.0,24832.0,0.8899082568807316,0.142208,9.999997e-13,0.142208
25344,99.0,6144,6144,0.019072,0.142464,0.161536,37748736.0,6144.0,6144.0,642318336.0,25344.0,0.8918918918918896,0.161536,9.999997e-13,0.161536
25856,101.0,6144,6144,0.017856,0.153184,0.17104,37748736.0,6144.0,6144.0,668532736.0,25856.0,0.893805309734511,0.17104,9.999997e-13,0.17104
26112,102.0,6144,6144,0.019328,0.148192,0.16752,37748736.0,6144.0,6144.0,681836544.0,26112.0,0.8947368421052609,0.16752,9.999997e-13,0.16752
22528,88.0,8192,8192,0.018336,0.12816,0.146496,67108864.0,8192.0,8192.0,507510784.0,22528.0,0.8461538461538438,0.146496,9.999997e-13,0.146496
22784,89.0,8192,8192,0.020416,0.139104,0.15952,67108864.0,8192.0,8192.0,519110656.0,22784.0,0.8476190476190453,0.15952,9.999997e-13,0.15952
23040,90.0,8192,8192,0.015808,0.16624,0.182048,67108864.0,8192.0,8192.0,530841600.0,23040.0,0.8490566037735826,0.182048,9.999997e-13,0.182048
14848,58.0,4096,4096,0.010432,0.168768,0.1792,16777216.0,4096.0,4096.0,220463104.0,14848.0,0.878787878787875,0.1792,9.999997e-13,0.1792
12800,50.0,6144,6144,0.008384,0.1936,0.201984,37748736.0,6144.0,6144.0,163840000.0,12800.0,0.806451612903222,0.201984,9.999997e-13,0.201984
13056,51.0,6144,6144,0.010016,0.19776,0.207776,37748736.0,6144.0,6144.0,170459136.0,13056.0,0.8095238095238058,0.207776,9.999997e-13,0.207776
13312,52.0,6144,6144,0.019744,0.149376,0.16912,37748736.0,6144.0,6144.0,177209344.0,13312.0,0.8124999999999964,0.16912,9.999997e-13,0.16912
13568,53.0,6144,6144,0.017024,0.173824,0.190848,37748736.0,6144.0,6144.0,184090624.0,13568.0,0.8153846153846118,0.190848,9.999997e-13,0.190848
14592,57.0,6144,6144,0.011072,0.164,0.175072,37748736.0,6144.0,6144.0,212926464.0,14592.0,0.8260869565217357,0.175072,9.999997e-13,0.175072
11008,43.0,8192,8192,0.022048,0.146944,0.168992,67108864.0,8192.0,8192.0,121176064.0,11008.0,0.7288135593220303,0.168992,9.999997e-13,0.168992
11264,44.0,8192,8192,0.019328,0.156768,0.176096,67108864.0,8192.0,8192.0,126877696.0,11264.0,0.7333333333333297,0.176096,9.999997e-13,0.176096
11520,45.0,8192,8192,0.018784,0.165024,0.183808,67108864.0,8192.0,8192.0,132710400.0,11520.0,0.7377049180327834,0.183808,9.999997e-13,0.183808
11776,46.0,8192,8192,0.019424,0.185856,0.20528,67108864.0,8192.0,8192.0,138674176.0,11776.0,0.7419354838709643,0.20528,9.999997e-13,0.20528
26624,52.0,4096,4096,0.027808,0.180288,0.208096,16777216.0,4096.0,4096.0,708837376.0,26624.0,0.9285714285714262,0.208096,9.999997e-13,0.208096
24576,48.0,6144,6144,0.032832,0.12336,0.156192,37748736.0,6144.0,6144.0,603979776.0,24576.0,0.8888888888888865,0.156192,9.999997e-13,0.156192
25088,49.0,6144,6144,0.033248,0.130208,0.163456,37748736.0,6144.0,6144.0,629407744.0,25088.0,0.8909090909090887,0.163456,9.999997e-13,0.163456
26112,51.0,6144,6144,0.027936,0.152192,0.1801279999999999,37748736.0,6144.0,6144.0,681836544.0,26112.0,0.8947368421052609,0.180128,9.999997e-13,0.180128
22528,44.0,8192,8192,0.030944,0.223776,0.25472,67108864.0,8192.0,8192.0,507510784.0,22528.0,0.8461538461538438,0.25472,9.999997e-13,0.25472
23040,45.0,8192,8192,0.034592,0.171712,0.206304,67108864.0,8192.0,8192.0,530841600.0,23040.0,0.8490566037735826,0.206304,9.999997e-13,0.206304
23552,46.0,8192,8192,0.031424,0.102016,0.13344,67108864.0,8192.0,8192.0,554696704.0,23552.0,0.8518518518518496,0.13344,9.999997e-13,0.13344
24064,47.0,8192,8192,0.033184,0.189248,0.222432,67108864.0,8192.0,8192.0,579076096.0,24064.0,0.8545454545454524,0.222432,9.999997e-13,0.222432
24576,48.0,8192,8192,0.031328,0.094816,0.126144,67108864.0,8192.0,8192.0,603979776.0,24576.0,0.857142857142855,0.126144,9.999997e-13,0.126144
25088,49.0,8192,8192,0.02112,0.178688,0.199808,67108864.0,8192.0,8192.0,629407744.0,25088.0,0.8596491228070154,0.199808,9.999997e-13,0.199808
16384,32.0,4096,4096,0.015008,0.174496,0.189504,16777216.0,4096.0,4096.0,268435456.0,16384.0,0.8888888888888854,0.189504,9.999997e-13,0.189504
14336,28.0,6144,6144,0.018304,0.19552,0.213824,37748736.0,6144.0,6144.0,205520896.0,14336.0,0.8235294117647024,0.213824,9.999997e-13,0.213824
14848,29.0,6144,6144,0.03024,0.090528,0.120768,37748736.0,6144.0,6144.0,220463104.0,14848.0,0.8285714285714252,0.120768,9.999997e-13,0.120768
15360,30.0,6144,6144,0.04176,0.14192,0.1836799999999999,37748736.0,6144.0,6144.0,235929600.0,15360.0,0.83333333333333,0.18368,9.999997e-13,0.18368
16384,32.0,6144,6144,0.017376,0.160928,0.178304,37748736.0,6144.0,6144.0,268435456.0,16384.0,0.8421052631578916,0.178304,9.999997e-13,0.178304
12288,24.0,8192,8192,0.046368,0.143552,0.18992,67108864.0,8192.0,8192.0,150994944.0,12288.0,0.7499999999999967,0.18992,9.999997e-13,0.18992
12800,25.0,8192,8192,0.044768,0.161184,0.205952,67108864.0,8192.0,8192.0,163840000.0,12800.0,0.7575757575757543,0.205952,9.999997e-13,0.205952
13312,26.0,8192,8192,0.037472,0.210752,0.248224,67108864.0,8192.0,8192.0,177209344.0,13312.0,0.764705882352938,0.248224,9.999997e-13,0.248224
13824,27.0,8192,8192,0.030784,0.077504,0.108288,67108864.0,8192.0,8192.0,191102976.0,13824.0,0.7714285714285682,0.108288,9.999997e-13,0.108288
14336,28.0,8192,8192,0.031488,0.080096,0.111584,67108864.0,8192.0,8192.0,205520896.0,14336.0,0.7777777777777747,0.111584,9.999997e-13,0.111584
26624,26.0,4096,4096,0.056832,0.194048,0.25088,16777216.0,4096.0,4096.0,708837376.0,26624.0,0.9285714285714262,0.25088,9.999997e-13,0.25088
24576,24.0,6144,6144,0.06832,0.133216,0.201536,37748736.0,6144.0,6144.0,603979776.0,24576.0,0.8888888888888865,0.201536,9.999997e-13,0.201536
25600,25.0,6144,6144,0.05328,0.11312,0.1664,37748736.0,6144.0,6144.0,655360000.0,25600.0,0.8928571428571406,0.1664,9.999997e-13,0.1664
26624,26.0,6144,6144,0.05856,0.151872,0.210432,37748736.0,6144.0,6144.0,708837376.0,26624.0,0.8965517241379288,0.210432,9.999997e-13,0.210432
22528,22.0,8192,8192,0.067616,0.198176,0.265792,67108864.0,8192.0,8192.0,507510784.0,22528.0,0.8461538461538438,0.265792,9.999997e-13,0.265792
23552,23.0,8192,8192,0.070624,0.12176,0.192384,67108864.0,8192.0,8192.0,554696704.0,23552.0,0.8518518518518496,0.192384,9.999997e-13,0.192384
24576,24.0,8192,8192,0.057728,0.06848,0.126208,67108864.0,8192.0,8192.0,603979776.0,24576.0,0.857142857142855,0.126208,9.999997e-13,0.126208
25600,25.0,8192,8192,0.059712,0.074624,0.134336,67108864.0,8192.0,8192.0,655360000.0,25600.0,0.8620689655172392,0.134336,9.999997e-13,0.134336
26624,26.0,8192,8192,0.058496,0.149856,0.2083519999999999,67108864.0,8192.0,8192.0,708837376.0,26624.0,0.8666666666666646,0.208352,9.999997e-13,0.208352
24576,24.0,6144,6144,0.028384,0.246528,0.274912,37748736.0,6144.0,6144.0,603979776.0,24576.0,0.8888888888888865,0.274912,9.999997e-13,0.274912
8192,8.0,4096,4096,0.042464,0.176096,0.21856,16777216.0,4096.0,4096.0,67108864.0,8192.0,0.7999999999999942,0.21856,9.999997e-13,0.21856
6144,6.0,6144,6144,0.047872,0.152064,0.199936,37748736.0,6144.0,6144.0,37748736.0,6144.0,0.6666666666666613,0.199936,9.999997e-13,0.199936
7168,7.0,6144,6144,0.03936,0.18288,0.22224,37748736.0,6144.0,6144.0,51380224.0,7168.0,0.6999999999999948,0.22224,9.999997e-13,0.22224
4096,4.0,8192,8192,0.04592,0.161824,0.2077439999999999,67108864.0,8192.0,8192.0,16777216.0,4096.0,0.49999999999999545,0.207744,9.999997e-13,0.207744
5120,5.0,8192,8192,0.04752,0.128576,0.176096,67108864.0,8192.0,8192.0,26214400.0,5120.0,0.555555555555551,0.176096,9.999997e-13,0.176096
6144,6.0,8192,8192,0.039392,0.156416,0.195808,67108864.0,8192.0,8192.0,37748736.0,6144.0,0.5999999999999956,0.195808,9.999997e-13,0.195808
6144,6.0,6144,6144,0.047904,0.17568,0.223584,37748736.0,6144.0,6144.0,37748736.0,6144.0,0.6666666666666613,0.223584,9.999997e-13,0.223584
7168,7.0,6144,6144,0.040544,0.182592,0.223136,37748736.0,6144.0,6144.0,51380224.0,7168.0,0.6999999999999948,0.223136,9.999997e-13,0.223136
4096,4.0,8192,8192,0.046304,0.157632,0.203936,67108864.0,8192.0,8192.0,16777216.0,4096.0,0.49999999999999545,0.203936,9.999997e-13,0.203936
5120,5.0,8192,8192,0.047712,0.127488,0.1752,67108864.0,8192.0,8192.0,26214400.0,5120.0,0.555555555555551,0.1752,9.999997e-13,0.1752
24576,12.0,4096,4096,0.13744,0.232704,0.370144,16777216.0,4096.0,4096.0,603979776.0,24576.0,0.9230769230769206,0.370144,9.999997e-13,0.370144
22528,11.0,6144,6144,0.093824,0.330592,0.424416,37748736.0,6144.0,6144.0,507510784.0,22528.0,0.8799999999999975,0.424416,9.999997e-13,0.424416
24576,12.0,6144,6144,0.14448,0.200672,0.345152,37748736.0,6144.0,6144.0,603979776.0,24576.0,0.8888888888888865,0.345152,9.999997e-13,0.345152
26624,13.0,6144,6144,0.102912,0.205696,0.308608,37748736.0,6144.0,6144.0,708837376.0,26624.0,0.8965517241379288,0.308608,9.999997e-13,0.308608
20480,10.0,8192,8192,0.138688,0.140384,0.279072,67108864.0,8192.0,8192.0,419430400.0,20480.0,0.8333333333333308,0.279072,9.999997e-13,0.279072
22528,11.0,8192,8192,0.135872,0.178176,0.314048,67108864.0,8192.0,8192.0,507510784.0,22528.0,0.8461538461538438,0.314048,9.999997e-13,0.314048
24576,12.0,8192,8192,0.136416,0.088224,0.22464,67108864.0,8192.0,8192.0,603979776.0,24576.0,0.857142857142855,0.22464,9.999997e-13,0.22464
22528,11.0,6144,6144,0.0912,0.333152,0.424352,37748736.0,6144.0,6144.0,507510784.0,22528.0,0.8799999999999975,0.424352,9.999997e-13,0.424352
24576,12.0,6144,6144,0.141376,0.106784,0.24816,37748736.0,6144.0,6144.0,603979776.0,24576.0,0.8888888888888865,0.24816,9.999997e-13,0.24816
20480,10.0,8192,8192,0.13328,0.15648,0.28976,67108864.0,8192.0,8192.0,419430400.0,20480.0,0.8333333333333308,0.28976,9.999997e-13,0.28976
16384,8.0,4096,4096,0.122848,0.169824,0.292672,16777216.0,4096.0,4096.0,268435456.0,16384.0,0.8888888888888854,0.292672,9.999997e-13,0.292672
14336,7.0,6144,6144,0.109984,0.153664,0.263648,37748736.0,6144.0,6144.0,205520896.0,14336.0,0.8235294117647024,0.263648,9.999997e-13,0.263648
16384,8.0,6144,6144,0.12416,0.128608,0.252768,37748736.0,6144.0,6144.0,268435456.0,16384.0,0.8421052631578916,0.252768,9.999997e-13,0.252768
12288,6.0,8192,8192,0.103712,0.165344,0.2690559999999999,67108864.0,8192.0,8192.0,150994944.0,12288.0,0.7499999999999967,0.269056,9.999997e-13,0.269056
14336,7.0,8192,8192,0.109216,0.146912,0.2561279999999999,67108864.0,8192.0,8192.0,205520896.0,14336.0,0.7777777777777747,0.256128,9.999997e-13,0.256128
16384,8.0,8192,8192,0.118688,0.110368,0.2290559999999999,67108864.0,8192.0,8192.0,268435456.0,16384.0,0.7999999999999972,0.229056,9.999997e-13,0.229056
14336,7.0,6144,6144,0.112544,0.163488,0.276032,37748736.0,6144.0,6144.0,205520896.0,14336.0,0.8235294117647024,0.276032,9.999997e-13,0.276032
16384,8.0,6144,6144,0.123456,0.127584,0.25104,37748736.0,6144.0,6144.0,268435456.0,16384.0,0.8421052631578916,0.25104,9.999997e-13,0.25104
12288,6.0,8192,8192,0.107872,0.129056,0.236928,67108864.0,8192.0,8192.0,150994944.0,12288.0,0.7499999999999967,0.236928,9.999997e-13,0.236928
14336,7.0,8192,8192,0.110496,0.148992,0.259488,67108864.0,8192.0,8192.0,205520896.0,14336.0,0.7777777777777747,0.259488,9.999997e-13,0.259488
24576,6.0,4096,4096,0.264544,0.219872,0.484416,16777216.0,4096.0,4096.0,603979776.0,24576.0,0.9230769230769206,0.484416,9.999997e-13,0.484416
20480,5.0,6144,6144,0.283712,0.216448,0.50016,37748736.0,6144.0,6144.0,419430400.0,20480.0,0.8695652173913017,0.50016,9.999997e-13,0.50016
24576,6.0,6144,6144,0.287136,0.18176,0.468896,37748736.0,6144.0,6144.0,603979776.0,24576.0,0.8888888888888865,0.468896,9.999997e-13,0.468896
20480,5.0,8192,8192,0.209728,0.23472,0.444448,67108864.0,8192.0,8192.0,419430400.0,20480.0,0.8333333333333308,0.444448,9.999997e-13,0.444448
24576,6.0,8192,8192,0.2512,0.199936,0.451136,67108864.0,8192.0,8192.0,603979776.0,24576.0,0.857142857142855,0.451136,9.999997e-13,0.451136
20480,5.0,6144,6144,0.288864,0.19456,0.483424,37748736.0,6144.0,6144.0,419430400.0,20480.0,0.8695652173913017,0.483424,9.999997e-13,0.483424
24576,6.0,6144,6144,0.272992,0.111936,0.384928,37748736.0,6144.0,6144.0,603979776.0,24576.0,0.8888888888888865,0.384928,9.999997e-13,0.384928
20480,5.0,8192,8192,0.282208,0.14176,0.423968,67108864.0,8192.0,8192.0,419430400.0,20480.0,0.8333333333333308,0.423968,9.999997e-13,0.423968
24576,6.0,8192,8192,0.276064,0.101824,0.377888,67108864.0,8192.0,8192.0,603979776.0,24576.0,0.857142857142855,0.377888,9.999997e-13,0.377888
20480,5.0,6144,6144,0.282816,0.228,0.510816,37748736.0,6144.0,6144.0,419430400.0,20480.0,0.8695652173913017,0.510816,9.999997e-13,0.510816
8192,2.0,4096,4096,0.184832,0.175904,0.360736,16777216.0,4096.0,4096.0,67108864.0,8192.0,0.7999999999999942,0.360736,9.999997e-13,0.360736
4096,1.0,6144,6144,0.111968,0.164448,0.276416,37748736.0,6144.0,6144.0,16777216.0,4096.0,0.5714285714285655,0.276416,9.999997e-13,0.276416
8192,2.0,6144,6144,0.180096,0.167136,0.347232,37748736.0,6144.0,6144.0,67108864.0,8192.0,0.7272727272727224,0.347232,9.999997e-13,0.347232
4096,1.0,8192,8192,0.060832,0.206368,0.2672,67108864.0,8192.0,8192.0,16777216.0,4096.0,0.49999999999999545,0.2672,9.999997e-13,0.2672
8192,2.0,8192,8192,0.183168,0.141888,0.325056,67108864.0,8192.0,8192.0,67108864.0,8192.0,0.6666666666666626,0.325056,9.999997e-13,0.325056
4096,1.0,6144,6144,0.111872,0.1688,0.280672,37748736.0,6144.0,6144.0,16777216.0,4096.0,0.5714285714285655,0.280672,9.999997e-13,0.280672
8192,2.0,6144,6144,0.185696,0.114496,0.300192,37748736.0,6144.0,6144.0,67108864.0,8192.0,0.7272727272727224,0.300192,9.999997e-13,0.300192
4096,1.0,8192,8192,0.112288,0.10384,0.216128,67108864.0,8192.0,8192.0,16777216.0,4096.0,0.49999999999999545,0.216128,9.999997e-13,0.216128
8192,2.0,8192,8192,0.17712,0.107712,0.284832,67108864.0,8192.0,8192.0,67108864.0,8192.0,0.6666666666666626,0.284832,9.999997e-13,0.284832
4096,1.0,6144,6144,0.111808,0.168064,0.279872,37748736.0,6144.0,6144.0,16777216.0,4096.0,0.5714285714285655,0.279872,9.999997e-13,0.279872
32768,4.0,4096,4096,0.448736,0.177344,0.62608,16777216.0,4096.0,4096.0,1073741824.0,32768.0,0.9411764705882332,0.62608,9.999997e-13,0.62608
24576,3.0,6144,6144,0.340768,0.253344,0.594112,37748736.0,6144.0,6144.0,603979776.0,24576.0,0.8888888888888865,0.594112,9.999997e-13,0.594112
32768,4.0,6144,6144,0.459264,0.144832,0.604096,37748736.0,6144.0,6144.0,1073741824.0,32768.0,0.9142857142857123,0.604096,9.999997e-13,0.604096
16384,2.0,8192,8192,0.49168,0.221472,0.713152,67108864.0,8192.0,8192.0,268435456.0,16384.0,0.7999999999999972,0.713152,9.999997e-13,0.713152
24576,3.0,8192,8192,0.291872,0.21936,0.511232,67108864.0,8192.0,8192.0,603979776.0,24576.0,0.857142857142855,0.511232,9.999997e-13,0.511232
32768,4.0,8192,8192,0.410912,0.166304,0.577216,67108864.0,8192.0,8192.0,1073741824.0,32768.0,0.888888888888887,0.577216,9.999997e-13,0.577216
24576,3.0,6144,6144,0.319808,0.234784,0.554592,37748736.0,6144.0,6144.0,603979776.0,24576.0,0.8888888888888865,0.554592,9.999997e-13,0.554592
32768,4.0,6144,6144,0.457792,0.144032,0.6018239999999999,37748736.0,6144.0,6144.0,1073741824.0,32768.0,0.9142857142857123,0.601824,9.999997e-13,0.601824
16384,2.0,8192,8192,0.501056,0.218272,0.719328,67108864.0,8192.0,8192.0,268435456.0,16384.0,0.7999999999999972,0.719328,9.999997e-13,0.719328
24576,3.0,8192,8192,0.312512,0.22496,0.537472,67108864.0,8192.0,8192.0,603979776.0,24576.0,0.857142857142855,0.537472,9.999997e-13,0.537472
16384,2.0,4096,4096,0.461376,0.20432,0.6656960000000001,16777216.0,4096.0,4096.0,268435456.0,16384.0,0.8888888888888854,0.665696,9.999997e-13,0.665696
8192,1.0,6144,6144,0.225536,0.11936,0.344896,37748736.0,6144.0,6144.0,67108864.0,8192.0,0.7272727272727224,0.344896,9.999997e-13,0.344896
16384,2.0,6144,6144,0.481184,0.178624,0.659808,37748736.0,6144.0,6144.0,268435456.0,16384.0,0.8421052631578916,0.659808,9.999997e-13,0.659808
8192,1.0,8192,8192,0.130688,0.32848,0.459168,67108864.0,8192.0,8192.0,67108864.0,8192.0,0.6666666666666626,0.459168,9.999997e-13,0.459168
16384,2.0,8192,8192,0.40928,0.204256,0.613536,67108864.0,8192.0,8192.0,268435456.0,16384.0,0.7999999999999972,0.613536,9.999997e-13,0.613536
8192,1.0,6144,6144,0.224448,0.119712,0.34416,37748736.0,6144.0,6144.0,67108864.0,8192.0,0.7272727272727224,0.34416,9.999997e-13,0.34416
16384,2.0,6144,6144,0.479552,0.12016,0.599712,37748736.0,6144.0,6144.0,268435456.0,16384.0,0.8421052631578916,0.599712,9.999997e-13,0.599712
8192,1.0,8192,8192,0.237824,0.129472,0.367296,67108864.0,8192.0,8192.0,67108864.0,8192.0,0.6666666666666626,0.367296,9.999997e-13,0.367296
16384,2.0,8192,8192,0.448704,0.117312,0.566016,67108864.0,8192.0,8192.0,268435456.0,16384.0,0.7999999999999972,0.566016,9.999997e-13,0.566016
8192,1.0,6144,6144,0.232448,0.126176,0.358624,37748736.0,6144.0,6144.0,67108864.0,8192.0,0.7272727272727224,0.358624,9.999997e-13,0.358624
49152,3.0,4096,4096,0.236064,0.270912,0.506976,16777216.0,4096.0,4096.0,2415919104.0,49152.0,0.9599999999999985,0.506976,9.999997e-13,0.506976
32768,2.0,6144,6144,0.810368,0.204096,1.014464,37748736.0,6144.0,6144.0,1073741824.0,32768.0,0.9142857142857123,1.014464,9.999997e-13,1.014464
49152,3.0,6144,6144,0.845504,0.190528,1.036032,37748736.0,6144.0,6144.0,2415919104.0,49152.0,0.9411764705882338,1.036032,9.999997e-13,1.036032
65536,4.0,6144,6144,0.50672,0.190336,0.6970559999999999,37748736.0,6144.0,6144.0,4294967296.0,65536.0,0.9552238805970139,0.697056,9.999997e-13,0.697056
32768,2.0,8192,8192,0.4304,0.353984,0.784384,67108864.0,8192.0,8192.0,1073741824.0,32768.0,0.888888888888887,0.784384,9.999997e-13,0.784384
49152,3.0,8192,8192,0.467456,0.281856,0.749312,67108864.0,8192.0,8192.0,2415919104.0,49152.0,0.9230769230769217,0.749312,9.999997e-13,0.749312
65536,4.0,8192,8192,0.0584,0.314016,0.372416,67108864.0,8192.0,8192.0,4294967296.0,65536.0,0.9411764705882343,0.372416,9.999997e-13,0.372416
32768,2.0,6144,6144,0.471424,0.375232,0.8466560000000001,37748736.0,6144.0,6144.0,1073741824.0,32768.0,0.9142857142857123,0.846656,9.999997e-13,0.846656
49152,3.0,6144,6144,0.792736,0.191232,0.983968,37748736.0,6144.0,6144.0,2415919104.0,49152.0,0.9411764705882338,0.983968,9.999997e-13,0.983968
65536,4.0,6144,6144,0.507648,0.203616,0.711264,37748736.0,6144.0,6144.0,4294967296.0,65536.0,0.9552238805970139,0.711264,9.999997e-13,0.711264
32768,2.0,4096,4096,0.373984,0.202048,0.576032,16777216.0,4096.0,4096.0,1073741824.0,32768.0,0.9411764705882332,0.576032,9.999997e-13,0.576032
16384,1.0,6144,6144,0.189152,0.117568,0.30672,37748736.0,6144.0,6144.0,268435456.0,16384.0,0.8421052631578916,0.30672,9.999997e-13,0.30672
32768,2.0,6144,6144,0.389056,0.173056,0.562112,37748736.0,6144.0,6144.0,1073741824.0,32768.0,0.9142857142857123,0.562112,9.999997e-13,0.562112
0,0.0,8192,8192,0.0,0.247104,0.247104,67108864.0,8192.0,8192.0,0.0,0.0,0.0,0.247104,9.999997e-13,0.247104
16384,1.0,8192,8192,0.134912,0.2416,0.376512,67108864.0,8192.0,8192.0,268435456.0,16384.0,0.7999999999999972,0.376512,9.999997e-13,0.376512
32768,2.0,8192,8192,0.35776,0.211552,0.569312,67108864.0,8192.0,8192.0,1073741824.0,32768.0,0.888888888888887,0.569312,9.999997e-13,0.569312
16384,1.0,6144,6144,0.189184,0.11744,0.306624,37748736.0,6144.0,6144.0,268435456.0,16384.0,0.8421052631578916,0.306624,9.999997e-13,0.306624
32768,2.0,6144,6144,0.418592,0.200928,0.6195200000000001,37748736.0,6144.0,6144.0,1073741824.0,32768.0,0.9142857142857123,0.61952,9.999997e-13,0.61952
0,0.0,8192,8192,0.0,0.245696,0.245696,67108864.0,8192.0,8192.0,0.0,0.0,0.0,0.245696,9.999997e-13,0.245696
16384,1.0,8192,8192,0.131392,0.233312,0.364704,67108864.0,8192.0,8192.0,268435456.0,16384.0,0.7999999999999972,0.364704,9.999997e-13,0.364704
27648,108.0,24576,24576,0.027424,0.211904,0.239328,603979776.0,24576.0,24576.0,764411904.0,27648.0,0.6923076923076911,0.239328,9.999997e-13,0.239328
27904,109.0,24576,24576,0.027008,0.22576,0.252768,603979776.0,24576.0,24576.0,778633216.0,27904.0,0.6942675159235656,0.252768,9.999997e-13,0.252768
24320,95.0,28672,28672,0.034048,0.254048,0.288096,822083584.0,28672.0,28672.0,591462400.0,24320.0,0.6291390728476809,0.288096,9.999997e-13,0.288096
24576,96.0,28672,28672,0.020384,0.179712,0.200096,822083584.0,28672.0,28672.0,603979776.0,24576.0,0.6315789473684199,0.200096,9.999997e-13,0.200096
24832,97.0,28672,28672,0.018912,0.172384,0.191296,822083584.0,28672.0,28672.0,616628224.0,24832.0,0.633986928104574,0.191296,9.999997e-13,0.191296
25344,99.0,28672,28672,0.016672,0.183424,0.200096,822083584.0,28672.0,28672.0,642318336.0,25344.0,0.6387096774193537,0.200096,9.999997e-13,0.200096
25600,100.0,28672,28672,0.016288,0.189952,0.20624,822083584.0,28672.0,28672.0,655360000.0,25600.0,0.6410256410256399,0.20624,9.999997e-13,0.20624
25856,101.0,28672,28672,0.01616,0.199232,0.215392,822083584.0,28672.0,28672.0,668532736.0,25856.0,0.6433121019108269,0.215392,9.999997e-13,0.215392
27136,106.0,28672,28672,0.01744,0.21792,0.23536,822083584.0,28672.0,28672.0,736362496.0,27136.0,0.6543209876543198,0.23536,9.999997e-13,0.23536
27392,107.0,28672,28672,0.021536,0.206624,0.22816,822083584.0,28672.0,28672.0,750321664.0,27392.0,0.6564417177914099,0.22816,9.999997e-13,0.22816
19456,76.0,24576,24576,0.016992,0.221184,0.238176,603979776.0,24576.0,24576.0,378535936.0,19456.0,0.6129032258064502,0.238176,9.999997e-13,0.238176
19712,77.0,24576,24576,0.016704,0.227712,0.244416,603979776.0,24576.0,24576.0,388562944.0,19712.0,0.6159999999999985,0.244416,9.999997e-13,0.244416
15872,62.0,28672,28672,0.015488,0.185984,0.201472,822083584.0,28672.0,28672.0,251920384.0,15872.0,0.525423728813558,0.201472,9.999997e-13,0.201472
16128,63.0,28672,28672,0.016928,0.232544,0.249472,822083584.0,28672.0,28672.0,260112384.0,16128.0,0.5294117647058811,0.249472,9.999997e-13,0.249472
16640,65.0,28672,28672,0.016672,0.157664,0.174336,822083584.0,28672.0,28672.0,276889600.0,16640.0,0.5371900826446269,0.174336,9.999997e-13,0.174336
17152,67.0,28672,28672,0.017088,0.194368,0.211456,822083584.0,28672.0,28672.0,294191104.0,17152.0,0.5447154471544703,0.211456,9.999997e-13,0.211456
17408,68.0,28672,28672,0.016256,0.19968,0.215936,822083584.0,28672.0,28672.0,303038464.0,17408.0,0.5483870967741923,0.215936,9.999997e-13,0.215936
17664,69.0,28672,28672,0.016224,0.200064,0.2162879999999999,822083584.0,28672.0,28672.0,312016896.0,17664.0,0.5519999999999987,0.216288,9.999997e-13,0.216288
18944,74.0,28672,28672,0.015904,0.239936,0.25584,822083584.0,28672.0,28672.0,358875136.0,18944.0,0.569230769230768,0.25584,9.999997e-13,0.25584
19200,75.0,28672,28672,0.015776,0.217408,0.233184,822083584.0,28672.0,28672.0,368640000.0,19200.0,0.5725190839694644,0.233184,9.999997e-13,0.233184
27648,54.0,24576,24576,0.028448,0.287296,0.315744,603979776.0,24576.0,24576.0,764411904.0,27648.0,0.6923076923076911,0.315744,9.999997e-13,0.315744
28160,55.0,24576,24576,0.030016,0.25136,0.2813759999999999,603979776.0,24576.0,24576.0,792985600.0,28160.0,0.6962025316455683,0.281376,9.999997e-13,0.281376
24576,48.0,28672,28672,0.034848,0.30448,0.3393279999999999,822083584.0,28672.0,28672.0,603979776.0,24576.0,0.6315789473684199,0.339328,9.999997e-13,0.339328
25088,49.0,28672,28672,0.025728,0.252224,0.277952,822083584.0,28672.0,28672.0,629407744.0,25088.0,0.6363636363636352,0.277952,9.999997e-13,0.277952
25600,50.0,28672,28672,0.027456,0.31536,0.3428159999999999,822083584.0,28672.0,28672.0,655360000.0,25600.0,0.6410256410256399,0.342816,9.999997e-13,0.342816
26112,51.0,28672,28672,0.023392,0.25696,0.280352,822083584.0,28672.0,28672.0,681836544.0,26112.0,0.6455696202531634,0.280352,9.999997e-13,0.280352
27136,53.0,28672,28672,0.033568,0.2464,0.279968,822083584.0,28672.0,28672.0,736362496.0,27136.0,0.6543209876543198,0.279968,9.999997e-13,0.279968
27648,54.0,28672,28672,0.028128,0.2488,0.276928,822083584.0,28672.0,28672.0,764411904.0,27648.0,0.6585365853658525,0.276928,9.999997e-13,0.276928
20480,40.0,32768,32768,0.023808,0.264,0.287808,1073741824.0,32768.0,32768.0,419430400.0,20480.0,0.5555555555555545,0.287808,9.999997e-13,0.287808
20992,41.0,32768,32768,0.024256,0.283136,0.307392,1073741824.0,32768.0,32768.0,440664064.0,20992.0,0.5616438356164373,0.307392,9.999997e-13,0.307392
17408,34.0,24576,24576,0.02496,0.217216,0.242176,603979776.0,24576.0,24576.0,303038464.0,17408.0,0.5862068965517228,0.242176,9.999997e-13,0.242176
13312,26.0,28672,28672,0.021664,0.315488,0.337152,822083584.0,28672.0,28672.0,177209344.0,13312.0,0.48148148148148023,0.337152,9.999997e-13,0.337152
13824,27.0,28672,28672,0.026816,0.183808,0.210624,822083584.0,28672.0,28672.0,191102976.0,13824.0,0.49090909090908963,0.210624,9.999997e-13,0.210624
14848,29.0,28672,28672,0.025696,0.17952,0.205216,822083584.0,28672.0,28672.0,220463104.0,14848.0,0.5087719298245601,0.205216,9.999997e-13,0.205216
16896,33.0,28672,28672,0.023552,0.215136,0.2386879999999999,822083584.0,28672.0,28672.0,285474816.0,16896.0,0.5409836065573758,0.238688,9.999997e-13,0.238688
9728,19.0,32768,32768,0.024384,0.24544,0.269824,1073741824.0,32768.0,32768.0,94633984.0,9728.0,0.3725490196078421,0.269824,9.999997e-13,0.269824
10240,20.0,32768,32768,0.024128,0.37328,0.397408,1073741824.0,32768.0,32768.0,104857600.0,10240.0,0.3846153846153836,0.397408,9.999997e-13,0.397408
10752,21.0,32768,32768,0.0256,0.38512,0.41072,1073741824.0,32768.0,32768.0,115605504.0,10752.0,0.39622641509433854,0.41072,9.999997e-13,0.41072
11264,22.0,32768,32768,0.02416,0.258592,0.282752,1073741824.0,32768.0,32768.0,126877696.0,11264.0,0.40740740740740633,0.282752,9.999997e-13,0.282752
11776,23.0,32768,32768,0.024064,0.211776,0.23584,1073741824.0,32768.0,32768.0,138674176.0,11776.0,0.4181818181818171,0.23584,9.999997e-13,0.23584
28672,28.0,24576,24576,0.057152,0.219296,0.2764479999999999,603979776.0,24576.0,24576.0,822083584.0,28672.0,0.6999999999999987,0.276448,9.999997e-13,0.276448
24576,24.0,28672,28672,0.036448,0.351744,0.388192,822083584.0,28672.0,28672.0,603979776.0,24576.0,0.6315789473684199,0.388192,9.999997e-13,0.388192
25600,25.0,28672,28672,0.04928,0.164096,0.2133759999999999,822083584.0,28672.0,28672.0,655360000.0,25600.0,0.6410256410256399,0.213376,9.999997e-13,0.213376
27648,27.0,28672,28672,0.043616,0.233536,0.277152,822083584.0,28672.0,28672.0,764411904.0,27648.0,0.6585365853658525,0.277152,9.999997e-13,0.277152
20480,20.0,32768,32768,0.044704,0.214944,0.259648,1073741824.0,32768.0,32768.0,419430400.0,20480.0,0.5555555555555545,0.259648,9.999997e-13,0.259648
21504,21.0,32768,32768,0.043392,0.261984,0.305376,1073741824.0,32768.0,32768.0,462422016.0,21504.0,0.5675675675675664,0.305376,9.999997e-13,0.305376
22528,22.0,32768,32768,0.047168,0.188448,0.235616,1073741824.0,32768.0,32768.0,507510784.0,22528.0,0.5789473684210515,0.235616,9.999997e-13,0.235616
23552,23.0,32768,32768,0.049312,0.177024,0.2263359999999999,1073741824.0,32768.0,32768.0,554696704.0,23552.0,0.5897435897435886,0.226336,9.999997e-13,0.226336
24576,24.0,32768,32768,0.047296,0.205536,0.252832,1073741824.0,32768.0,32768.0,603979776.0,24576.0,0.599999999999999,0.252832,9.999997e-13,0.252832
25600,25.0,32768,32768,0.03952,0.290336,0.329856,1073741824.0,32768.0,32768.0,655360000.0,25600.0,0.6097560975609746,0.329856,9.999997e-13,0.329856
14336,14.0,24576,24576,0.041056,0.199168,0.240224,603979776.0,24576.0,24576.0,205520896.0,14336.0,0.538461538461537,0.240224,9.999997e-13,0.240224
15360,15.0,24576,24576,0.039296,0.214016,0.253312,603979776.0,24576.0,24576.0,235929600.0,15360.0,0.5555555555555541,0.253312,9.999997e-13,0.253312
11264,11.0,28672,28672,0.054016,0.131424,0.18544,822083584.0,28672.0,28672.0,126877696.0,11264.0,0.4399999999999987,0.18544,9.999997e-13,0.18544
12288,12.0,28672,28672,0.041088,0.333856,0.374944,822083584.0,28672.0,28672.0,150994944.0,12288.0,0.4615384615384603,0.374944,9.999997e-13,0.374944
13312,13.0,28672,28672,0.05056,0.169888,0.220448,822083584.0,28672.0,28672.0,177209344.0,13312.0,0.48148148148148023,0.220448,9.999997e-13,0.220448
14336,14.0,28672,28672,0.041152,0.183936,0.2250879999999999,822083584.0,28672.0,28672.0,205520896.0,14336.0,0.4999999999999987,0.225088,9.999997e-13,0.225088
15360,15.0,28672,28672,0.037984,0.2096,0.247584,822083584.0,28672.0,28672.0,235929600.0,15360.0,0.5172413793103435,0.247584,9.999997e-13,0.247584
8192,8.0,32768,32768,0.047584,0.219808,0.267392,1073741824.0,32768.0,32768.0,67108864.0,8192.0,0.33333333333333237,0.267392,9.999997e-13,0.267392
9216,9.0,32768,32768,0.04032,0.314624,0.354944,1073741824.0,32768.0,32768.0,84934656.0,9216.0,0.359999999999999,0.354944,9.999997e-13,0.354944
10240,10.0,32768,32768,0.0504,0.2112,0.2616,1073741824.0,32768.0,32768.0,104857600.0,10240.0,0.3846153846153836,0.2616,9.999997e-13,0.2616
28672,14.0,24576,24576,0.080352,0.263456,0.343808,603979776.0,24576.0,24576.0,822083584.0,28672.0,0.6999999999999987,0.343808,9.999997e-13,0.343808
24576,12.0,28672,28672,0.077088,0.359616,0.436704,822083584.0,28672.0,28672.0,603979776.0,24576.0,0.6315789473684199,0.436704,9.999997e-13,0.436704
26624,13.0,28672,28672,0.099264,0.20064,0.299904,822083584.0,28672.0,28672.0,708837376.0,26624.0,0.6499999999999988,0.299904,9.999997e-13,0.299904
28672,14.0,28672,28672,0.082464,0.282592,0.365056,822083584.0,28672.0,28672.0,822083584.0,28672.0,0.6666666666666655,0.365056,9.999997e-13,0.365056
20480,10.0,32768,32768,0.083552,0.217184,0.300736,1073741824.0,32768.0,32768.0,419430400.0,20480.0,0.5555555555555545,0.300736,9.999997e-13,0.300736
22528,11.0,32768,32768,0.091712,0.184416,0.276128,1073741824.0,32768.0,32768.0,507510784.0,22528.0,0.5789473684210515,0.276128,9.999997e-13,0.276128
24576,12.0,32768,32768,0.094208,0.161536,0.255744,1073741824.0,32768.0,32768.0,603979776.0,24576.0,0.599999999999999,0.255744,9.999997e-13,0.255744
26624,13.0,32768,32768,0.088448,0.214336,0.302784,1073741824.0,32768.0,32768.0,708837376.0,26624.0,0.619047619047618,0.302784,9.999997e-13,0.302784
28672,14.0,32768,32768,0.077824,0.27392,0.351744,1073741824.0,32768.0,32768.0,822083584.0,28672.0,0.6363636363636354,0.351744,9.999997e-13,0.351744
28672,14.0,24576,24576,0.078656,0.288064,0.36672,603979776.0,24576.0,24576.0,822083584.0,28672.0,0.6999999999999987,0.36672,9.999997e-13,0.36672
12288,6.0,24576,24576,0.066816,0.188,0.254816,603979776.0,24576.0,24576.0,150994944.0,12288.0,0.4999999999999985,0.254816,9.999997e-13,0.254816
8192,4.0,28672,28672,0.077504,0.342848,0.420352,822083584.0,28672.0,28672.0,67108864.0,8192.0,0.3636363636363625,0.420352,9.999997e-13,0.420352
10240,5.0,28672,28672,0.078528,0.130592,0.20912,822083584.0,28672.0,28672.0,104857600.0,10240.0,0.4166666666666654,0.20912,9.999997e-13,0.20912
12288,6.0,28672,28672,0.06656,0.181408,0.247968,822083584.0,28672.0,28672.0,150994944.0,12288.0,0.4615384615384603,0.247968,9.999997e-13,0.247968
4096,2.0,32768,32768,0.100416,0.234464,0.33488,1073741824.0,32768.0,32768.0,16777216.0,4096.0,0.1999999999999993,0.33488,9.999997e-13,0.33488
6144,3.0,32768,32768,0.098592,0.193632,0.292224,1073741824.0,32768.0,32768.0,37748736.0,6144.0,0.2727272727272718,0.292224,9.999997e-13,0.292224
8192,4.0,32768,32768,0.082528,0.140096,0.222624,1073741824.0,32768.0,32768.0,67108864.0,8192.0,0.33333333333333237,0.222624,9.999997e-13,0.222624
10240,5.0,32768,32768,0.085088,0.152416,0.237504,1073741824.0,32768.0,32768.0,104857600.0,10240.0,0.3846153846153836,0.237504,9.999997e-13,0.237504
12288,6.0,32768,32768,0.066528,0.184448,0.250976,1073741824.0,32768.0,32768.0,150994944.0,12288.0,0.4285714285714275,0.250976,9.999997e-13,0.250976
12288,6.0,24576,24576,0.06816,0.190848,0.259008,603979776.0,24576.0,24576.0,150994944.0,12288.0,0.4999999999999985,0.259008,9.999997e-13,0.259008
24576,6.0,24576,24576,0.196704,0.237856,0.43456,603979776.0,24576.0,24576.0,603979776.0,24576.0,0.6666666666666653,0.43456,9.999997e-13,0.43456
20480,5.0,28672,28672,0.187264,0.355584,0.542848,822083584.0,28672.0,28672.0,419430400.0,20480.0,0.5882352941176459,0.542848,9.999997e-13,0.542848
24576,6.0,28672,28672,0.18768,0.190624,0.378304,822083584.0,28672.0,28672.0,603979776.0,24576.0,0.6315789473684199,0.378304,9.999997e-13,0.378304
20480,5.0,32768,32768,0.16416,0.282976,0.447136,1073741824.0,32768.0,32768.0,419430400.0,20480.0,0.5555555555555545,0.447136,9.999997e-13,0.447136
24576,6.0,32768,32768,0.191808,0.183328,0.375136,1073741824.0,32768.0,32768.0,603979776.0,24576.0,0.599999999999999,0.375136,9.999997e-13,0.375136
24576,6.0,24576,24576,0.19184,0.182848,0.374688,603979776.0,24576.0,24576.0,603979776.0,24576.0,0.6666666666666653,0.374688,9.999997e-13,0.374688
20480,5.0,28672,28672,0.14176,0.446336,0.588096,822083584.0,28672.0,28672.0,419430400.0,20480.0,0.5882352941176459,0.588096,9.999997e-13,0.588096
24576,6.0,28672,28672,0.192864,0.155776,0.34864,822083584.0,28672.0,28672.0,603979776.0,24576.0,0.6315789473684199,0.34864,9.999997e-13,0.34864
20480,5.0,32768,32768,0.19856,0.188992,0.387552,1073741824.0,32768.0,32768.0,419430400.0,20480.0,0.5555555555555545,0.387552,9.999997e-13,0.387552
24576,6.0,32768,32768,0.166208,0.253888,0.420096,1073741824.0,32768.0,32768.0,603979776.0,24576.0,0.599999999999999,0.420096,9.999997e-13,0.420096
16384,4.0,24576,24576,0.135136,0.193184,0.32832,603979776.0,24576.0,24576.0,268435456.0,16384.0,0.57142857142857,0.32832,9.999997e-13,0.32832
12288,3.0,28672,28672,0.129568,0.373984,0.503552,822083584.0,28672.0,28672.0,150994944.0,12288.0,0.4615384615384603,0.503552,9.999997e-13,0.503552
16384,4.0,28672,28672,0.131616,0.172864,0.30448,822083584.0,28672.0,28672.0,268435456.0,16384.0,0.5333333333333321,0.30448,9.999997e-13,0.30448
8192,2.0,32768,32768,0.185536,0.208416,0.3939519999999999,1073741824.0,32768.0,32768.0,67108864.0,8192.0,0.33333333333333237,0.393952,9.999997e-13,0.393952
12288,3.0,32768,32768,0.186624,0.194752,0.381376,1073741824.0,32768.0,32768.0,150994944.0,12288.0,0.4285714285714275,0.381376,9.999997e-13,0.381376
16384,4.0,32768,32768,0.138112,0.21424,0.352352,1073741824.0,32768.0,32768.0,268435456.0,16384.0,0.4999999999999989,0.352352,9.999997e-13,0.352352
16384,4.0,24576,24576,0.129504,0.180576,0.31008,603979776.0,24576.0,24576.0,268435456.0,16384.0,0.57142857142857,0.31008,9.999997e-13,0.31008
12288,3.0,28672,28672,0.170592,0.129408,0.3,822083584.0,28672.0,28672.0,150994944.0,12288.0,0.4615384615384603,0.3,9.999997e-13,0.3
16384,4.0,28672,28672,0.130752,0.174656,0.305408,822083584.0,28672.0,28672.0,268435456.0,16384.0,0.5333333333333321,0.305408,9.999997e-13,0.305408
8192,2.0,32768,32768,0.184832,0.146208,0.33104,1073741824.0,32768.0,32768.0,67108864.0,8192.0,0.33333333333333237,0.33104,9.999997e-13,0.33104
32768,4.0,24576,24576,0.33168,0.26848,0.60016,603979776.0,24576.0,24576.0,1073741824.0,32768.0,0.7272727272727261,0.60016,9.999997e-13,0.60016
24576,3.0,28672,28672,0.323968,0.318432,0.6424,822083584.0,28672.0,28672.0,603979776.0,24576.0,0.6315789473684199,0.6424,9.999997e-13,0.6424
32768,4.0,28672,28672,0.331136,0.2712,0.602336,822083584.0,28672.0,28672.0,1073741824.0,32768.0,0.6956521739130423,0.602336,9.999997e-13,0.602336
16384,2.0,32768,32768,0.407008,0.287648,0.6946559999999999,1073741824.0,32768.0,32768.0,268435456.0,16384.0,0.4999999999999989,0.694656,9.999997e-13,0.694656
24576,3.0,32768,32768,0.375872,0.234624,0.6104959999999999,1073741824.0,32768.0,32768.0,603979776.0,24576.0,0.599999999999999,0.610496,9.999997e-13,0.610496
32768,4.0,32768,32768,0.321088,0.284832,0.60592,1073741824.0,32768.0,32768.0,1073741824.0,32768.0,0.6666666666666656,0.60592,9.999997e-13,0.60592
32768,4.0,24576,24576,0.329536,0.272672,0.6022080000000001,603979776.0,24576.0,24576.0,1073741824.0,32768.0,0.7272727272727261,0.602208,9.999997e-13,0.602208
24576,3.0,28672,28672,0.395648,0.147392,0.54304,822083584.0,28672.0,28672.0,603979776.0,24576.0,0.6315789473684199,0.54304,9.999997e-13,0.54304
32768,4.0,28672,28672,0.332704,0.275872,0.608576,822083584.0,28672.0,28672.0,1073741824.0,32768.0,0.6956521739130423,0.608576,9.999997e-13,0.608576
16384,2.0,32768,32768,0.36912,0.151488,0.520608,1073741824.0,32768.0,32768.0,268435456.0,16384.0,0.4999999999999989,0.520608,9.999997e-13,0.520608
16384,2.0,24576,24576,0.313504,0.179584,0.4930879999999999,603979776.0,24576.0,24576.0,268435456.0,16384.0,0.57142857142857,0.493088,9.999997e-13,0.493088
8192,1.0,28672,28672,0.19392,0.261504,0.455424,822083584.0,28672.0,28672.0,67108864.0,8192.0,0.3636363636363625,0.455424,9.999997e-13,0.455424
16384,2.0,28672,28672,0.311584,0.15792,0.469504,822083584.0,28672.0,28672.0,268435456.0,16384.0,0.5333333333333321,0.469504,9.999997e-13,0.469504
0,0.0,32768,32768,0.0,0.206432,0.206432,1073741824.0,32768.0,32768.0,0.0,0.0,0.0,0.206432,9.999997e-13,0.206432
8192,1.0,32768,32768,0.135104,0.24432,0.379424,1073741824.0,32768.0,32768.0,67108864.0,8192.0,0.33333333333333237,0.379424,9.999997e-13,0.379424
16384,2.0,32768,32768,0.31712,0.216128,0.5332479999999999,1073741824.0,32768.0,32768.0,268435456.0,16384.0,0.4999999999999989,0.533248,9.999997e-13,0.533248
16384,2.0,24576,24576,0.311296,0.174848,0.486144,603979776.0,24576.0,24576.0,268435456.0,16384.0,0.57142857142857,0.486144,9.999997e-13,0.486144
8192,1.0,28672,28672,0.110912,0.129344,0.2402559999999999,822083584.0,28672.0,28672.0,67108864.0,8192.0,0.3636363636363625,0.240256,9.999997e-13,0.240256
16384,2.0,28672,28672,0.303104,0.132448,0.435552,822083584.0,28672.0,28672.0,268435456.0,16384.0,0.5333333333333321,0.435552,9.999997e-13,0.435552
0,0.0,32768,32768,0.0,0.207744,0.207744,1073741824.0,32768.0,32768.0,0.0,0.0,0.0,0.207744,9.999997e-13,0.207744
32768,2.0,24576,24576,0.594528,0.178016,0.7725439999999999,603979776.0,24576.0,24576.0,1073741824.0,32768.0,0.7272727272727261,0.772544,9.999997e-13,0.772544
16384,1.0,28672,28672,0.351104,0.17776,0.528864,822083584.0,28672.0,28672.0,268435456.0,16384.0,0.5333333333333321,0.528864,9.999997e-13,0.528864
32768,2.0,28672,28672,0.604448,0.197152,0.8016,822083584.0,28672.0,28672.0,1073741824.0,32768.0,0.6956521739130423,0.8016,9.999997e-13,0.8016
0,0.0,32768,32768,0.0,0.17296,0.17296,1073741824.0,32768.0,32768.0,0.0,0.0,0.0,0.17296,9.999997e-13,0.17296
16384,1.0,32768,32768,0.284352,0.384448,0.6688000000000001,1073741824.0,32768.0,32768.0,268435456.0,16384.0,0.4999999999999989,0.6688,9.999997e-13,0.6688
32768,2.0,32768,32768,0.615808,0.162272,0.77808,1073741824.0,32768.0,32768.0,1073741824.0,32768.0,0.6666666666666656,0.77808,9.999997e-13,0.77808
32768,2.0,24576,24576,0.593248,0.187296,0.780544,603979776.0,24576.0,24576.0,1073741824.0,32768.0,0.7272727272727261,0.780544,9.999997e-13,0.780544
16384,1.0,28672,28672,0.264704,0.27808,0.5427839999999999,822083584.0,28672.0,28672.0,268435456.0,16384.0,0.5333333333333321,0.542784,9.999997e-13,0.542784
32768,2.0,28672,28672,0.602016,0.154112,0.756128,822083584.0,28672.0,28672.0,1073741824.0,32768.0,0.6956521739130423,0.756128,9.999997e-13,0.756128
0,0.0,32768,32768,0.0,0.20544,0.20544,1073741824.0,32768.0,32768.0,0.0,0.0,0.0,0.20544,9.999997e-13,0.20544
32768,2.0,24576,24576,0.243808,0.283872,0.52768,603979776.0,24576.0,24576.0,1073741824.0,32768.0,0.7272727272727261,0.52768,9.999997e-13,0.52768
16384,1.0,28672,28672,0.200832,0.328192,0.5290239999999999,822083584.0,28672.0,28672.0,268435456.0,16384.0,0.5333333333333321,0.529024,9.999997e-13,0.529024
32768,2.0,28672,28672,0.14064,0.186912,0.3275519999999999,822083584.0,28672.0,28672.0,1073741824.0,32768.0,0.6956521739130423,0.327552,9.999997e-13,0.327552
0,0.0,32768,32768,0.0,0.330176,0.330176,1073741824.0,32768.0,32768.0,0.0,0.0,0.0,0.330176,9.999997e-13,0.330176
16384,1.0,32768,32768,0.161952,0.343456,0.505408,1073741824.0,32768.0,32768.0,268435456.0,16384.0,0.4999999999999989,0.505408,9.999997e-13,0.505408
32768,2.0,32768,32768,0.149856,0.236096,0.3859519999999999,1073741824.0,32768.0,32768.0,1073741824.0,32768.0,0.6666666666666656,0.385952,9.999997e-13,0.385952
32768,2.0,24576,24576,0.142016,0.182016,0.324032,603979776.0,24576.0,24576.0,1073741824.0,32768.0,0.7272727272727261,0.324032,9.999997e-13,0.324032
16384,1.0,28672,28672,0.164064,0.308416,0.47248,822083584.0,28672.0,28672.0,268435456.0,16384.0,0.5333333333333321,0.47248,9.999997e-13,0.47248
32768,2.0,28672,28672,0.140736,0.184192,0.324928,822083584.0,28672.0,28672.0,1073741824.0,32768.0,0.6956521739130423,0.324928,9.999997e-13,0.324928
0,0.0,32768,32768,0.0,0.30624,0.30624,1073741824.0,32768.0,32768.0,0.0,0.0,0.0,0.30624,9.999997e-13,0.30624
28928,113.0,114688,114688,0.016608,0.297856,0.314464,13153337344.0,114688.0,114688.0,836829184.0,28928.0,0.33531157270029643,0.314464,9.999997e-13,0.314464
29184,114.0,114688,114688,0.016352,0.297024,0.313376,13153337344.0,114688.0,114688.0,851705856.0,29184.0,0.33727810650887546,0.313376,9.999997e-13,0.313376
29440,115.0,114688,114688,0.01536,0.29712,0.31248,13153337344.0,114688.0,114688.0,866713600.0,29440.0,0.3392330383480823,0.31248,9.999997e-13,0.31248
29952,117.0,114688,114688,0.017984,0.29376,0.311744,13153337344.0,114688.0,114688.0,897122304.0,29952.0,0.3431085043988267,0.311744,9.999997e-13,0.311744
30464,119.0,114688,114688,0.015296,0.29984,0.3151359999999999,13153337344.0,114688.0,114688.0,928055296.0,30464.0,0.3469387755102038,0.315136,9.999997e-13,0.315136
30720,120.0,114688,114688,0.016608,0.29296,0.309568,13153337344.0,114688.0,114688.0,943718400.0,30720.0,0.3488372093023253,0.309568,9.999997e-13,0.309568
23296,91.0,122880,122880,0.016288,0.297568,0.313856,15099494400.0,122880.0,122880.0,542703616.0,23296.0,0.2749244712990934,0.313856,9.999997e-13,0.313856
23552,92.0,122880,122880,0.01552,0.342592,0.358112,15099494400.0,122880.0,122880.0,554696704.0,23552.0,0.27710843373493954,0.358112,9.999997e-13,0.358112
23808,93.0,122880,122880,0.016864,0.291744,0.308608,15099494400.0,122880.0,122880.0,566820864.0,23808.0,0.27927927927927904,0.308608,9.999997e-13,0.308608
24064,94.0,122880,122880,0.015968,0.342656,0.358624,15099494400.0,122880.0,122880.0,579076096.0,24064.0,0.28143712574850277,0.358624,9.999997e-13,0.358624
9472,37.0,114688,114688,0.01568,0.300192,0.315872,13153337344.0,114688.0,114688.0,89718784.0,9472.0,0.14176245210727953,0.315872,9.999997e-13,0.315872
9984,39.0,114688,114688,0.01504,0.300832,0.315872,13153337344.0,114688.0,114688.0,99680256.0,9984.0,0.14828897338403027,0.315872,9.999997e-13,0.315872
10240,40.0,114688,114688,0.01664,0.294496,0.3111359999999999,13153337344.0,114688.0,114688.0,104857600.0,10240.0,0.15151515151515135,0.311136,9.999997e-13,0.311136
10496,41.0,114688,114688,0.017376,0.291328,0.308704,13153337344.0,114688.0,114688.0,110166016.0,10496.0,0.1547169811320753,0.308704,9.999997e-13,0.308704
10752,42.0,114688,114688,0.019424,0.29312,0.312544,13153337344.0,114688.0,114688.0,115605504.0,10752.0,0.1578947368421051,0.312544,9.999997e-13,0.312544
11008,43.0,114688,114688,0.016224,0.293024,0.309248,13153337344.0,114688.0,114688.0,121176064.0,11008.0,0.16104868913857662,0.309248,9.999997e-13,0.309248
4864,19.0,122880,122880,0.021312,0.299488,0.3208,15099494400.0,122880.0,122880.0,23658496.0,4864.0,0.07335907335907328,0.3208,9.999997e-13,0.3208
5120,20.0,122880,122880,0.007264,0.293312,0.300576,15099494400.0,122880.0,122880.0,26214400.0,5120.0,0.07692307692307684,0.300576,9.999997e-13,0.300576
5376,21.0,122880,122880,0.009152,0.331648,0.3408,15099494400.0,122880.0,122880.0,28901376.0,5376.0,0.08045977011494244,0.3408,9.999997e-13,0.3408
5632,22.0,122880,122880,0.008288,0.330912,0.3392,15099494400.0,122880.0,122880.0,31719424.0,5632.0,0.08396946564885487,0.3392,9.999997e-13,0.3392
29184,57.0,114688,114688,0.024544,0.2968,0.321344,13153337344.0,114688.0,114688.0,851705856.0,29184.0,0.33727810650887546,0.321344,9.999997e-13,0.321344
30208,59.0,114688,114688,0.022912,0.296576,0.319488,13153337344.0,114688.0,114688.0,912523264.0,30208.0,0.3450292397660816,0.319488,9.999997e-13,0.319488
30720,60.0,114688,114688,0.0264,0.29072,0.3171199999999999,13153337344.0,114688.0,114688.0,943718400.0,30720.0,0.3488372093023253,0.31712,9.999997e-13,0.31712
31232,61.0,114688,114688,0.0272,0.296096,0.323296,13153337344.0,114688.0,114688.0,975437824.0,31232.0,0.3526011560693639,0.323296,9.999997e-13,0.323296
23552,46.0,122880,122880,0.026048,0.366304,0.392352,15099494400.0,122880.0,122880.0,554696704.0,23552.0,0.27710843373493954,0.392352,9.999997e-13,0.392352
24064,47.0,122880,122880,0.025312,0.366208,0.39152,15099494400.0,122880.0,122880.0,579076096.0,24064.0,0.28143712574850277,0.39152,9.999997e-13,0.39152
24576,48.0,122880,122880,0.025344,0.35248,0.377824,15099494400.0,122880.0,122880.0,603979776.0,24576.0,0.2857142857142855,0.377824,9.999997e-13,0.377824
25088,49.0,122880,122880,0.02528,0.321472,0.346752,15099494400.0,122880.0,122880.0,629407744.0,25088.0,0.2899408284023666,0.346752,9.999997e-13,0.346752
25600,50.0,122880,122880,0.031424,0.293056,0.32448,15099494400.0,122880.0,122880.0,655360000.0,25600.0,0.29411764705882326,0.32448,9.999997e-13,0.32448
26112,51.0,122880,122880,0.024928,0.325984,0.350912,15099494400.0,122880.0,122880.0,681836544.0,26112.0,0.2982456140350875,0.350912,9.999997e-13,0.350912
22016,43.0,114688,114688,0.023616,0.298592,0.322208,13153337344.0,114688.0,114688.0,484704256.0,22016.0,0.27741935483870944,0.322208,9.999997e-13,0.322208
22528,44.0,114688,114688,0.024288,0.29248,0.316768,13153337344.0,114688.0,114688.0,507510784.0,22528.0,0.28205128205128177,0.316768,9.999997e-13,0.316768
23040,45.0,114688,114688,0.029504,0.292064,0.3215679999999999,13153337344.0,114688.0,114688.0,530841600.0,23040.0,0.28662420382165577,0.321568,9.999997e-13,0.321568
23552,46.0,114688,114688,0.024544,0.299264,0.323808,13153337344.0,114688.0,114688.0,554696704.0,23552.0,0.29113924050632883,0.323808,9.999997e-13,0.323808
24064,47.0,114688,114688,0.030624,0.294848,0.325472,13153337344.0,114688.0,114688.0,579076096.0,24064.0,0.29559748427672927,0.325472,9.999997e-13,0.325472
15872,31.0,122880,122880,0.026624,0.290976,0.3176,15099494400.0,122880.0,122880.0,251920384.0,15872.0,0.2052980132450329,0.3176,9.999997e-13,0.3176
16384,32.0,122880,122880,0.027328,0.360512,0.38784,15099494400.0,122880.0,122880.0,268435456.0,16384.0,0.21052631578947348,0.38784,9.999997e-13,0.38784
16896,33.0,122880,122880,0.02784,0.360256,0.388096,15099494400.0,122880.0,122880.0,285474816.0,16896.0,0.2156862745098037,0.388096,9.999997e-13,0.388096
17408,34.0,122880,122880,0.031136,0.365664,0.3968,15099494400.0,122880.0,122880.0,303038464.0,17408.0,0.22077922077922058,0.3968,9.999997e-13,0.3968
17920,35.0,122880,122880,0.027648,0.343712,0.37136,15099494400.0,122880.0,122880.0,321126400.0,17920.0,0.22580645161290303,0.37136,9.999997e-13,0.37136
28672,28.0,114688,114688,0.04288,0.3048,0.34768,13153337344.0,114688.0,114688.0,822083584.0,28672.0,0.33333333333333304,0.34768,9.999997e-13,0.34768
29696,29.0,114688,114688,0.041824,0.3056,0.3474239999999999,13153337344.0,114688.0,114688.0,881852416.0,29696.0,0.341176470588235,0.347424,9.999997e-13,0.347424
30720,30.0,114688,114688,0.046144,0.31104,0.357184,13153337344.0,114688.0,114688.0,943718400.0,30720.0,0.3488372093023253,0.357184,9.999997e-13,0.357184
31744,31.0,114688,114688,0.040672,0.299488,0.3401599999999999,13153337344.0,114688.0,114688.0,1007681536.0,31744.0,0.3563218390804595,0.34016,9.999997e-13,0.34016
23552,23.0,122880,122880,0.035712,0.459168,0.49488,15099494400.0,122880.0,122880.0,554696704.0,23552.0,0.27710843373493954,0.49488,9.999997e-13,0.49488
24576,24.0,122880,122880,0.04592,0.456768,0.502688,15099494400.0,122880.0,122880.0,603979776.0,24576.0,0.2857142857142855,0.502688,9.999997e-13,0.502688
25600,25.0,122880,122880,0.046048,0.289344,0.3353919999999999,15099494400.0,122880.0,122880.0,655360000.0,25600.0,0.29411764705882326,0.335392,9.999997e-13,0.335392
26624,26.0,122880,122880,0.041152,0.325152,0.366304,15099494400.0,122880.0,122880.0,708837376.0,26624.0,0.3023255813953486,0.366304,9.999997e-13,0.366304
27648,27.0,122880,122880,0.04368,0.316416,0.3600959999999999,15099494400.0,122880.0,122880.0,764411904.0,27648.0,0.31034482758620663,0.360096,9.999997e-13,0.360096
28672,28.0,122880,122880,0.048128,0.40816,0.456288,15099494400.0,122880.0,122880.0,822083584.0,28672.0,0.3181818181818179,0.456288,9.999997e-13,0.456288
12288,12.0,114688,114688,0.039904,0.29472,0.334624,13153337344.0,114688.0,114688.0,150994944.0,12288.0,0.17647058823529393,0.334624,9.999997e-13,0.334624
13312,13.0,114688,114688,0.046272,0.294944,0.3412159999999999,13153337344.0,114688.0,114688.0,177209344.0,13312.0,0.18840579710144909,0.341216,9.999997e-13,0.341216
14336,14.0,114688,114688,0.046848,0.302176,0.349024,13153337344.0,114688.0,114688.0,205520896.0,14336.0,0.1999999999999998,0.349024,9.999997e-13,0.349024
7168,7.0,122880,122880,0.020224,0.342496,0.36272,15099494400.0,122880.0,122880.0,51380224.0,7168.0,0.10447761194029839,0.36272,9.999997e-13,0.36272
8192,8.0,122880,122880,0.05808,0.476832,0.5349119999999999,15099494400.0,122880.0,122880.0,67108864.0,8192.0,0.11764705882352929,0.534912,9.999997e-13,0.534912
9216,9.0,122880,122880,0.038368,0.28896,0.327328,15099494400.0,122880.0,122880.0,84934656.0,9216.0,0.1304347826086955,0.327328,9.999997e-13,0.327328
10240,10.0,122880,122880,0.03616,0.321984,0.358144,15099494400.0,122880.0,122880.0,104857600.0,10240.0,0.1428571428571427,0.358144,9.999997e-13,0.358144
11264,11.0,122880,122880,0.04032,0.324672,0.364992,15099494400.0,122880.0,122880.0,126877696.0,11264.0,0.15492957746478858,0.364992,9.999997e-13,0.364992
12288,12.0,122880,122880,0.043008,0.48496,0.527968,15099494400.0,122880.0,122880.0,150994944.0,12288.0,0.1666666666666665,0.527968,9.999997e-13,0.527968
0,0.0,131072,131072,0.0,0.336544,0.336544,17179869184.0,131072.0,131072.0,0.0,0.0,0.0,0.336544,9.999997e-13,0.336544
28672,14.0,114688,114688,0.08,0.293248,0.373248,13153337344.0,114688.0,114688.0,822083584.0,28672.0,0.33333333333333304,0.373248,9.999997e-13,0.373248
30720,15.0,114688,114688,0.106656,0.291104,0.39776,13153337344.0,114688.0,114688.0,943718400.0,30720.0,0.3488372093023253,0.39776,9.999997e-13,0.39776
32768,16.0,114688,114688,0.101824,0.2936,0.395424,13153337344.0,114688.0,114688.0,1073741824.0,32768.0,0.36363636363636337,0.395424,9.999997e-13,0.395424
22528,11.0,122880,122880,0.090912,0.295488,0.3863999999999999,15099494400.0,122880.0,122880.0,507510784.0,22528.0,0.26829268292682906,0.3864,9.999997e-13,0.3864
24576,12.0,122880,122880,0.069248,0.377312,0.4465599999999999,15099494400.0,122880.0,122880.0,603979776.0,24576.0,0.2857142857142855,0.44656,9.999997e-13,0.44656
26624,13.0,122880,122880,0.066336,0.321632,0.387968,15099494400.0,122880.0,122880.0,708837376.0,26624.0,0.3023255813953486,0.387968,9.999997e-13,0.387968
28672,14.0,122880,122880,0.069312,0.313184,0.382496,15099494400.0,122880.0,122880.0,822083584.0,28672.0,0.3181818181818179,0.382496,9.999997e-13,0.382496
30720,15.0,122880,122880,0.069024,0.317568,0.386592,15099494400.0,122880.0,122880.0,943718400.0,30720.0,0.3333333333333331,0.386592,9.999997e-13,0.386592
16384,8.0,131072,131072,0.083552,0.37328,0.456832,17179869184.0,131072.0,131072.0,268435456.0,16384.0,0.19999999999999982,0.456832,9.999997e-13,0.456832
18432,9.0,131072,131072,0.084128,0.332064,0.416192,17179869184.0,131072.0,131072.0,339738624.0,18432.0,0.21951219512195103,0.416192,9.999997e-13,0.416192
20480,10.0,114688,114688,0.071232,0.29536,0.366592,13153337344.0,114688.0,114688.0,419430400.0,20480.0,0.26315789473684187,0.366592,9.999997e-13,0.366592
22528,11.0,114688,114688,0.101696,0.29376,0.395456,13153337344.0,114688.0,114688.0,507510784.0,22528.0,0.28205128205128177,0.395456,9.999997e-13,0.395456
24576,12.0,114688,114688,0.094528,0.291296,0.385824,13153337344.0,114688.0,114688.0,603979776.0,24576.0,0.2999999999999997,0.385824,9.999997e-13,0.385824
14336,7.0,122880,122880,0.097536,0.301184,0.39872,15099494400.0,122880.0,122880.0,205520896.0,14336.0,0.189189189189189,0.39872,9.999997e-13,0.39872
16384,8.0,122880,122880,0.071648,0.358304,0.429952,15099494400.0,122880.0,122880.0,268435456.0,16384.0,0.21052631578947348,0.429952,9.999997e-13,0.429952
18432,9.0,122880,122880,0.068736,0.334688,0.403424,15099494400.0,122880.0,122880.0,339738624.0,18432.0,0.23076923076923056,0.403424,9.999997e-13,0.403424
20480,10.0,122880,122880,0.068512,0.315616,0.384128,15099494400.0,122880.0,122880.0,419430400.0,20480.0,0.24999999999999978,0.384128,9.999997e-13,0.384128
22528,11.0,122880,122880,0.071232,0.308704,0.379936,15099494400.0,122880.0,122880.0,507510784.0,22528.0,0.26829268292682906,0.379936,9.999997e-13,0.379936
8192,4.0,131072,131072,0.083616,0.330272,0.413888,17179869184.0,131072.0,131072.0,67108864.0,8192.0,0.11111111111111101,0.413888,9.999997e-13,0.413888
10240,5.0,131072,131072,0.081792,0.340384,0.422176,17179869184.0,131072.0,131072.0,104857600.0,10240.0,0.135135135135135,0.422176,9.999997e-13,0.422176
32768,8.0,114688,114688,0.15648,0.294496,0.450976,13153337344.0,114688.0,114688.0,1073741824.0,32768.0,0.36363636363636337,0.450976,9.999997e-13,0.450976
24576,6.0,122880,122880,0.1984,0.289568,0.4879679999999999,15099494400.0,122880.0,122880.0,603979776.0,24576.0,0.2857142857142855,0.487968,9.999997e-13,0.487968
28672,7.0,122880,122880,0.125504,0.321472,0.446976,15099494400.0,122880.0,122880.0,822083584.0,28672.0,0.3181818181818179,0.446976,9.999997e-13,0.446976
16384,4.0,131072,131072,0.16672,0.377248,0.543968,17179869184.0,131072.0,131072.0,268435456.0,16384.0,0.19999999999999982,0.543968,9.999997e-13,0.543968
20480,5.0,131072,131072,0.195904,0.308736,0.50464,17179869184.0,131072.0,131072.0,419430400.0,20480.0,0.2380952380952379,0.50464,9.999997e-13,0.50464
24576,6.0,131072,131072,0.141632,0.3216,0.463232,17179869184.0,131072.0,131072.0,603979776.0,24576.0,0.2727272727272725,0.463232,9.999997e-13,0.463232
32768,8.0,114688,114688,0.176256,0.297408,0.473664,13153337344.0,114688.0,114688.0,1073741824.0,32768.0,0.36363636363636337,0.473664,9.999997e-13,0.473664
24576,6.0,122880,122880,0.12112,0.43184,0.55296,15099494400.0,122880.0,122880.0,603979776.0,24576.0,0.2857142857142855,0.55296,9.999997e-13,0.55296
28672,7.0,122880,122880,0.131456,0.312992,0.4444479999999999,15099494400.0,122880.0,122880.0,822083584.0,28672.0,0.3181818181818179,0.444448,9.999997e-13,0.444448
16384,4.0,131072,131072,0.167168,0.361888,0.529056,17179869184.0,131072.0,131072.0,268435456.0,16384.0,0.19999999999999982,0.529056,9.999997e-13,0.529056
16384,4.0,114688,114688,0.131744,0.293664,0.425408,13153337344.0,114688.0,114688.0,268435456.0,16384.0,0.22222222222222202,0.425408,9.999997e-13,0.425408
8192,2.0,122880,122880,0.075264,0.370656,0.44592,15099494400.0,122880.0,122880.0,67108864.0,8192.0,0.11764705882352929,0.44592,9.999997e-13,0.44592
12288,3.0,122880,122880,0.137984,0.324096,0.46208,15099494400.0,122880.0,122880.0,150994944.0,12288.0,0.1666666666666665,0.46208,9.999997e-13,0.46208
16384,4.0,122880,122880,0.139328,0.450656,0.5899840000000001,15099494400.0,122880.0,122880.0,268435456.0,16384.0,0.21052631578947348,0.589984,9.999997e-13,0.589984
0,0.0,131072,131072,0.0,0.350496,0.350496,17179869184.0,131072.0,131072.0,0.0,0.0,0.0,0.350496,9.999997e-13,0.350496
4096,1.0,131072,131072,0.053728,0.333088,0.386816,17179869184.0,131072.0,131072.0,16777216.0,4096.0,0.05882352941176464,0.386816,9.999997e-13,0.386816
8192,2.0,131072,131072,0.165792,0.330816,0.496608,17179869184.0,131072.0,131072.0,67108864.0,8192.0,0.11111111111111101,0.496608,9.999997e-13,0.496608
12288,3.0,131072,131072,0.166528,0.307648,0.474176,17179869184.0,131072.0,131072.0,150994944.0,12288.0,0.15789473684210512,0.474176,9.999997e-13,0.474176
16384,4.0,131072,131072,0.124736,0.300672,0.425408,17179869184.0,131072.0,131072.0,268435456.0,16384.0,0.19999999999999982,0.425408,9.999997e-13,0.425408
16384,4.0,114688,114688,0.135168,0.29008,0.425248,13153337344.0,114688.0,114688.0,268435456.0,16384.0,0.22222222222222202,0.425248,9.999997e-13,0.425248
32768,4.0,114688,114688,0.293792,0.29632,0.590112,13153337344.0,114688.0,114688.0,1073741824.0,32768.0,0.36363636363636337,0.590112,9.999997e-13,0.590112
24576,3.0,122880,122880,0.305184,0.318176,0.62336,15099494400.0,122880.0,122880.0,603979776.0,24576.0,0.2857142857142855,0.62336,9.999997e-13,0.62336
32768,4.0,122880,122880,0.282528,0.304,0.5865279999999999,15099494400.0,122880.0,122880.0,1073741824.0,32768.0,0.34782608695652145,0.586528,9.999997e-13,0.586528
16384,2.0,131072,131072,0.3632,0.342976,0.706176,17179869184.0,131072.0,131072.0,268435456.0,16384.0,0.19999999999999982,0.706176,9.999997e-13,0.706176
24576,3.0,131072,131072,0.36752,0.304864,0.6723840000000001,17179869184.0,131072.0,131072.0,603979776.0,24576.0,0.2727272727272725,0.672384,9.999997e-13,0.672384
32768,4.0,131072,131072,0.294048,0.303552,0.5975999999999999,17179869184.0,131072.0,131072.0,1073741824.0,32768.0,0.3333333333333331,0.5976,9.999997e-13,0.5976
32768,4.0,114688,114688,0.295776,0.297632,0.5934079999999999,13153337344.0,114688.0,114688.0,1073741824.0,32768.0,0.36363636363636337,0.593408,9.999997e-13,0.593408
24576,3.0,122880,122880,0.303552,0.32112,0.624672,15099494400.0,122880.0,122880.0,603979776.0,24576.0,0.2857142857142855,0.624672,9.999997e-13,0.624672
32768,4.0,122880,122880,0.285184,0.308992,0.594176,15099494400.0,122880.0,122880.0,1073741824.0,32768.0,0.34782608695652145,0.594176,9.999997e-13,0.594176
16384,2.0,131072,131072,0.361504,0.35776,0.719264,17179869184.0,131072.0,131072.0,268435456.0,16384.0,0.19999999999999982,0.719264,9.999997e-13,0.719264
16384,2.0,114688,114688,0.289536,0.304448,0.5939840000000001,13153337344.0,114688.0,114688.0,268435456.0,16384.0,0.22222222222222202,0.593984,9.999997e-13,0.593984
8192,1.0,122880,122880,0.157312,0.348672,0.505984,15099494400.0,122880.0,122880.0,67108864.0,8192.0,0.11764705882352929,0.505984,9.999997e-13,0.505984
16384,2.0,122880,122880,0.26816,0.333184,0.601344,15099494400.0,122880.0,122880.0,268435456.0,16384.0,0.21052631578947348,0.601344,9.999997e-13,0.601344
0,0.0,131072,131072,0.0,0.326688,0.326688,17179869184.0,131072.0,131072.0,0.0,0.0,0.0,0.326688,9.999997e-13,0.326688
8192,1.0,131072,131072,0.11648,0.315008,0.431488,17179869184.0,131072.0,131072.0,67108864.0,8192.0,0.11111111111111101,0.431488,9.999997e-13,0.431488
16384,2.0,131072,131072,0.269344,0.29872,0.5680639999999999,17179869184.0,131072.0,131072.0,268435456.0,16384.0,0.19999999999999982,0.568064,9.999997e-13,0.568064
16384,2.0,114688,114688,0.28768,0.30576,0.59344,13153337344.0,114688.0,114688.0,268435456.0,16384.0,0.22222222222222202,0.59344,9.999997e-13,0.59344
8192,1.0,122880,122880,0.106976,0.294272,0.401248,15099494400.0,122880.0,122880.0,67108864.0,8192.0,0.11764705882352929,0.401248,9.999997e-13,0.401248
16384,2.0,122880,122880,0.26912,0.308992,0.578112,15099494400.0,122880.0,122880.0,268435456.0,16384.0,0.21052631578947348,0.578112,9.999997e-13,0.578112
0,0.0,131072,131072,0.0,0.335456,0.335456,17179869184.0,131072.0,131072.0,0.0,0.0,0.0,0.335456,9.999997e-13,0.335456
32768,2.0,114688,114688,0.58896,0.294144,0.8831040000000001,13153337344.0,114688.0,114688.0,1073741824.0,32768.0,0.36363636363636337,0.883104,9.999997e-13,0.883104
16384,1.0,122880,122880,0.328,0.35296,0.68096,15099494400.0,122880.0,122880.0,268435456.0,16384.0,0.21052631578947348,0.68096,9.999997e-13,0.68096
32768,2.0,122880,122880,0.571424,0.385472,0.956896,15099494400.0,122880.0,122880.0,1073741824.0,32768.0,0.34782608695652145,0.956896,9.999997e-13,0.956896
0,0.0,131072,131072,0.0,0.344384,0.344384,17179869184.0,131072.0,131072.0,0.0,0.0,0.0,0.344384,9.999997e-13,0.344384
16384,1.0,131072,131072,0.275424,0.30656,0.5819840000000001,17179869184.0,131072.0,131072.0,268435456.0,16384.0,0.19999999999999982,0.581984,9.999997e-13,0.581984
32768,2.0,131072,131072,0.594816,0.313184,0.908,17179869184.0,131072.0,131072.0,1073741824.0,32768.0,0.3333333333333331,0.908,9.999997e-13,0.908
32768,2.0,114688,114688,0.59056,0.295328,0.885888,13153337344.0,114688.0,114688.0,1073741824.0,32768.0,0.36363636363636337,0.885888,9.999997e-13,0.885888
16384,1.0,122880,122880,0.2744,0.532032,0.8064319999999999,15099494400.0,122880.0,122880.0,268435456.0,16384.0,0.21052631578947348,0.806432,9.999997e-13,0.806432
32768,2.0,122880,122880,0.577376,0.437344,1.01472,15099494400.0,122880.0,122880.0,1073741824.0,32768.0,0.34782608695652145,1.01472,9.999997e-13,1.01472
0,0.0,131072,131072,0.0,0.342176,0.342176,17179869184.0,131072.0,131072.0,0.0,0.0,0.0,0.342176,9.999997e-13,0.342176
32768,2.0,114688,114688,0.462624,0.2904,0.7530239999999999,13153337344.0,114688.0,114688.0,1073741824.0,32768.0,0.36363636363636337,0.753024,9.999997e-13,0.753024
16384,1.0,122880,122880,0.24624,0.315456,0.561696,15099494400.0,122880.0,122880.0,268435456.0,16384.0,0.21052631578947348,0.561696,9.999997e-13,0.561696
0,0.0,131072,131072,0.0,0.334944,0.334944,17179869184.0,131072.0,131072.0,0.0,0.0,0.0,0.334944,9.999997e-13,0.334944
32768,2.0,114688,114688,0.45712,0.295264,0.752384,13153337344.0,114688.0,114688.0,1073741824.0,32768.0,0.36363636363636337,0.752384,9.999997e-13,0.752384
16384,1.0,122880,122880,0.2448,0.330944,0.575744,15099494400.0,122880.0,122880.0,268435456.0,16384.0,0.21052631578947348,0.575744,9.999997e-13,0.575744
0,0.0,131072,131072,0.0,0.33248,0.33248,17179869184.0,131072.0,131072.0,0.0,0.0,0.0,0.33248,9.999997e-13,0.33248
32768,2.0,114688,114688,0.457888,0.298304,0.756192,13153337344.0,114688.0,114688.0,1073741824.0,32768.0,0.36363636363636337,0.756192,9.999997e-13,0.756192
16384,1.0,122880,122880,0.215648,0.292384,0.508032,15099494400.0,122880.0,122880.0,268435456.0,16384.0,0.21052631578947348,0.508032,9.999997e-13,0.508032
0,0.0,131072,131072,0.0,0.305184,0.305184,17179869184.0,131072.0,131072.0,0.0,0.0,0.0,0.305184,9.999997e-13,0.305184
32768,2.0,114688,114688,0.452832,0.299136,0.751968,13153337344.0,114688.0,114688.0,1073741824.0,32768.0,0.36363636363636337,0.751968,9.999997e-13,0.751968
13824,54.0,0,0,0.01088,0.0,0.01088,0.0,0.0,0.0,191102976.0,13824.0,0.9999999999999928,0.01088,9.999997e-13,0.01088
14080,55.0,0,0,0.010208,0.0,0.010208,0.0,0.0,0.0,198246400.0,14080.0,0.9999999999999929,0.010208,9.999997e-13,0.010208
14336,56.0,0,0,0.012832,0.0,0.012832,0.0,0.0,0.0,205520896.0,14336.0,0.999999999999993,0.012832,9.999997e-13,0.012832
13312,52.0,358,256,0.018752,0.007872,0.026624,91648.0,358.0,256.0,177209344.0,13312.0,0.9920457370121739,0.026624,9.999997e-13,0.026624
13568,53.0,358,256,0.009216,0.08848,0.097696,91648.0,358.0,256.0,184090624.0,13568.0,0.992194646014995,0.097696,9.999997e-13,0.097696
12800,50.0,716,512,0.017792,0.132352,0.150144,366592.0,716.0,512.0,163840000.0,12800.0,0.9835960528001989,0.150144,9.999997e-13,0.150144
13824,54.0,0,0,0.010944,0.0,0.010944,0.0,0.0,0.0,191102976.0,13824.0,0.9999999999999928,0.010944,9.999997e-13,0.010944
14080,55.0,0,0,0.010624,0.0,0.010624,0.0,0.0,0.0,198246400.0,14080.0,0.9999999999999929,0.010624,9.999997e-13,0.010624
14336,56.0,0,0,0.010912,0.0,0.010912,0.0,0.0,0.0,205520896.0,14336.0,0.999999999999993,0.010912,9.999997e-13,0.010912
13312,52.0,358,256,0.020672,0.0008,0.0214719999999999,91648.0,358.0,256.0,177209344.0,13312.0,0.9920457370121739,0.021472,9.999997e-13,0.021472
16384,32.0,0,0,0.022336,0.0,0.022336,0.0,0.0,0.0,268435456.0,16384.0,0.999999999999994,0.022336,9.999997e-13,0.022336
16896,33.0,0,0,0.018336,0.0,0.018336,0.0,0.0,0.0,285474816.0,16896.0,0.9999999999999942,0.018336,9.999997e-13,0.018336
17408,34.0,0,0,0.024032,0.0,0.024032,0.0,0.0,0.0,303038464.0,17408.0,0.9999999999999943,0.024032,9.999997e-13,0.024032
15360,30.0,1259,256,0.017536,0.172928,0.190464,322304.0,1259.0,256.0,235929600.0,15360.0,0.9971916275395961,0.190464,9.999997e-13,0.190464
15872,31.0,1259,256,0.038688,0.047264,0.085952,322304.0,1259.0,256.0,251920384.0,15872.0,0.9972819739664007,0.085952,9.999997e-13,0.085952
14336,28.0,2518,512,0.02752,0.28176,0.30928,1289216.0,2518.0,512.0,205520896.0,14336.0,0.9940013122129467,0.30928,9.999997e-13,0.30928
16384,32.0,0,0,0.02992,0.0,0.02992,0.0,0.0,0.0,268435456.0,16384.0,0.999999999999994,0.02992,9.999997e-13,0.02992
16896,33.0,0,0,0.018816,0.0,0.018816,0.0,0.0,0.0,285474816.0,16896.0,0.9999999999999942,0.018816,9.999997e-13,0.018816
17408,34.0,0,0,0.0192,0.0,0.0192,0.0,0.0,0.0,303038464.0,17408.0,0.9999999999999943,0.0192,9.999997e-13,0.0192
15360,30.0,1259,256,0.018848,0.172832,0.19168,322304.0,1259.0,256.0,235929600.0,15360.0,0.9971916275395961,0.19168,9.999997e-13,0.19168
14336,14.0,0,0,0.058784,0.0,0.058784,0.0,0.0,0.0,205520896.0,14336.0,0.999999999999993,0.058784,9.999997e-13,0.058784
15360,15.0,0,0,0.034784,0.0,0.034784,0.0,0.0,0.0,235929600.0,15360.0,0.9999999999999934,0.034784,9.999997e-13,0.034784
16384,16.0,0,0,0.056448,0.0,0.056448,0.0,0.0,0.0,268435456.0,16384.0,0.999999999999994,0.056448,9.999997e-13,0.056448
11264,11.0,3272,256,0.036128,0.264928,0.301056,837632.0,3272.0,256.0,126877696.0,11264.0,0.9983535706935496,0.301056,9.999997e-13,0.301056
12288,12.0,3272,256,0.024864,0.301248,0.326112,837632.0,3272.0,256.0,150994944.0,12288.0,0.9984905660377278,0.326112,9.999997e-13,0.326112
8192,8.0,6544,512,0.057184,0.505472,0.562656,3350528.0,6544.0,512.0,67108864.0,8192.0,0.9954853273137578,0.562656,9.999997e-13,0.562656
15360,15.0,0,0,0.034304,0.0,0.034304,0.0,0.0,0.0,235929600.0,15360.0,0.9999999999999934,0.034304,9.999997e-13,0.034304
16384,16.0,0,0,0.05808,0.0,0.05808,0.0,0.0,0.0,268435456.0,16384.0,0.999999999999994,0.05808,9.999997e-13,0.05808
12288,12.0,3272,256,0.028512,0.301216,0.3297279999999999,837632.0,3272.0,256.0,150994944.0,12288.0,0.9984905660377278,0.329728,9.999997e-13,0.329728
8192,8.0,6544,512,0.059072,0.521504,0.580576,3350528.0,6544.0,512.0,67108864.0,8192.0,0.9954853273137578,0.580576,9.999997e-13,0.580576
20480,10.0,0,0,0.16832,0.0,0.16832,0.0,0.0,0.0,419430400.0,20480.0,0.9999999999999952,0.16832,9.999997e-13,0.16832
22528,11.0,0,0,0.088544,0.0,0.088544,0.0,0.0,0.0,507510784.0,22528.0,0.9999999999999957,0.088544,9.999997e-13,0.088544
20480,10.0,612,256,0.087008,0.164736,0.2517439999999999,156672.0,612.0,256.0,419430400.0,20480.0,0.9963269054178102,0.251744,9.999997e-13,0.251744
22528,11.0,612,256,0.040128,0.164736,0.204864,156672.0,612.0,256.0,507510784.0,22528.0,0.9966597077244219,0.204864,9.999997e-13,0.204864
20480,10.0,1224,512,0.100992,0.207232,0.308224,626688.0,1224.0,512.0,419430400.0,20480.0,0.9926806953339389,0.308224,9.999997e-13,0.308224
20480,10.0,0,0,0.165728,0.0,0.165728,0.0,0.0,0.0,419430400.0,20480.0,0.9999999999999952,0.165728,9.999997e-13,0.165728
22528,11.0,0,0,0.083648,0.0,0.083648,0.0,0.0,0.0,507510784.0,22528.0,0.9999999999999957,0.083648,9.999997e-13,0.083648
20480,10.0,612,256,0.152224,0.0,0.152224,156672.0,612.0,256.0,419430400.0,20480.0,0.9963269054178102,0.152224,9.999997e-13,0.152224
22528,11.0,612,256,0.112,0.027968,0.139968,156672.0,612.0,256.0,507510784.0,22528.0,0.9966597077244219,0.139968,9.999997e-13,0.139968
20480,10.0,1224,512,0.1104,0.203264,0.313664,626688.0,1224.0,512.0,419430400.0,20480.0,0.9926806953339389,0.313664,9.999997e-13,0.313664
16384,4.0,0,0,0.328032,0.0,0.328032,0.0,0.0,0.0,268435456.0,16384.0,0.999999999999994,0.328032,9.999997e-13,0.328032
20480,5.0,0,0,0.175424,0.0,0.175424,0.0,0.0,0.0,419430400.0,20480.0,0.9999999999999952,0.175424,9.999997e-13,0.175424
24576,6.0,0,0,0.153856,0.0,0.153856,0.0,0.0,0.0,603979776.0,24576.0,0.999999999999996,0.153856,9.999997e-13,0.153856
16384,4.0,386,256,0.206176,0.155712,0.361888,98816.0,386.0,256.0,268435456.0,16384.0,0.9938080495355986,0.361888,9.999997e-13,0.361888
20480,5.0,386,256,0.257056,0.068608,0.325664,98816.0,386.0,256.0,419430400.0,20480.0,0.9950402975821411,0.325664,9.999997e-13,0.325664
16384,4.0,772,512,0.253344,0.217024,0.470368,395264.0,772.0,512.0,268435456.0,16384.0,0.9876923076923028,0.470368,9.999997e-13,0.470368
16384,4.0,0,0,0.322016,0.0,0.322016,0.0,0.0,0.0,268435456.0,16384.0,0.999999999999994,0.322016,9.999997e-13,0.322016
20480,5.0,0,0,0.174272,0.0,0.174272,0.0,0.0,0.0,419430400.0,20480.0,0.9999999999999952,0.174272,9.999997e-13,0.174272
24576,6.0,0,0,0.148448,0.0,0.148448,0.0,0.0,0.0,603979776.0,24576.0,0.999999999999996,0.148448,9.999997e-13,0.148448
16384,4.0,386,256,0.208672,0.155712,0.364384,98816.0,386.0,256.0,268435456.0,16384.0,0.9938080495355986,0.364384,9.999997e-13,0.364384
16384,2.0,0,0,0.509824,0.0,0.509824,0.0,0.0,0.0,268435456.0,16384.0,0.999999999999994,0.509824,9.999997e-13,0.509824
24576,3.0,0,0,0.448288,0.0,0.448288,0.0,0.0,0.0,603979776.0,24576.0,0.999999999999996,0.448288,9.999997e-13,0.448288
32768,4.0,0,0,0.362464,0.0,0.362464,0.0,0.0,0.0,1073741824.0,32768.0,0.9999999999999969,0.362464,9.999997e-13,0.362464
40960,5.0,0,0,0.25792,0.0,0.25792,0.0,0.0,0.0,1677721600.0,40960.0,0.9999999999999976,0.25792,9.999997e-13,0.25792
49152,6.0,0,0,0.350112,0.0,0.350112,0.0,0.0,0.0,2415919104.0,49152.0,0.9999999999999979,0.350112,9.999997e-13,0.350112
16384,2.0,1151,256,0.29744,0.199968,0.4974079999999999,294656.0,1151.0,256.0,268435456.0,16384.0,0.9971651311126803,0.497408,9.999997e-13,0.497408
24576,3.0,1151,256,0.31776,0.137312,0.455072,294656.0,1151.0,256.0,603979776.0,24576.0,0.9981082998344725,0.455072,9.999997e-13,0.455072
32768,4.0,1151,256,0.097408,0.168864,0.2662719999999999,294656.0,1151.0,256.0,1073741824.0,32768.0,0.9985805535840991,0.266272,9.999997e-13,0.266272
40960,5.0,1151,256,0.167136,0.108896,0.276032,294656.0,1151.0,256.0,1677721600.0,40960.0,0.9988641204032348,0.276032,9.999997e-13,0.276032
16384,2.0,2302,512,0.071136,0.365728,0.436864,1178624.0,2302.0,512.0,268435456.0,16384.0,0.9943462897526444,0.436864,9.999997e-13,0.436864
32768,2.0,0,0,0.604128,0.0,0.604128,0.0,0.0,0.0,1073741824.0,32768.0,0.9999999999999969,0.604128,9.999997e-13,0.604128
49152,3.0,0,0,0.553984,0.0,0.553984,0.0,0.0,0.0,2415919104.0,49152.0,0.9999999999999979,0.553984,9.999997e-13,0.553984
65536,4.0,0,0,0.461888,0.0,0.461888,0.0,0.0,0.0,4294967296.0,65536.0,0.9999999999999984,0.461888,9.999997e-13,0.461888
32768,2.0,2721,256,0.468704,0.305344,0.7740480000000001,696576.0,2721.0,256.0,1073741824.0,32768.0,0.9993286337697184,0.774048,9.999997e-13,0.774048
49152,3.0,2721,256,0.371392,0.305344,0.676736,696576.0,2721.0,256.0,2415919104.0,49152.0,0.9995523223279219,0.676736,9.999997e-13,0.676736
32768,2.0,5442,512,0.561056,0.42272,0.983776,2786304.0,5442.0,512.0,1073741824.0,32768.0,0.9986581683998627,0.983776,9.999997e-13,0.983776
32768,2.0,0,0,0.74464,0.0,0.74464,0.0,0.0,0.0,1073741824.0,32768.0,0.9999999999999969,0.74464,9.999997e-13,0.74464
49152,3.0,0,0,0.465504,0.0,0.465504,0.0,0.0,0.0,2415919104.0,49152.0,0.9999999999999979,0.465504,9.999997e-13,0.465504
65536,4.0,0,0,0.391808,0.0,0.391808,0.0,0.0,0.0,4294967296.0,65536.0,0.9999999999999984,0.391808,9.999997e-13,0.391808
32768,2.0,2721,256,0.642304,0.184672,0.8269759999999999,696576.0,2721.0,256.0,1073741824.0,32768.0,0.9993286337697184,0.826976,9.999997e-13,0.826976
22016,86.0,0,0,0.012416,0.0,0.012416,0.0,0.0,0.0,484704256.0,22016.0,0.9999999999999956,0.012416,9.999997e-13,0.012416
20992,82.0,1070,512,0.008704,0.111936,0.12064,547840.0,1070.0,512.0,440664064.0,20992.0,0.9921681402392348,0.12064,9.999997e-13,0.12064
19968,78.0,2140,1024,0.018208,0.175392,0.1936,2191360.0,2140.0,1024.0,398721024.0,19968.0,0.9836739899875598,0.1936,9.999997e-13,0.1936
22016,86.0,0,0,0.008992,0.0,0.008992,0.0,0.0,0.0,484704256.0,22016.0,0.9999999999999956,0.008992,9.999997e-13,0.008992
20992,82.0,1070,512,0.00832,0.111936,0.1202559999999999,547840.0,1070.0,512.0,440664064.0,20992.0,0.9921681402392348,0.120256,9.999997e-13,0.120256
19968,78.0,2140,1024,0.021216,0.176512,0.197728,2191360.0,2140.0,1024.0,398721024.0,19968.0,0.9836739899875598,0.197728,9.999997e-13,0.197728
22016,86.0,0,0,0.008128,0.0,0.008128,0.0,0.0,0.0,484704256.0,22016.0,0.9999999999999956,0.008128,9.999997e-13,0.008128
20992,82.0,1070,512,0.021568,0.015968,0.037536,547840.0,1070.0,512.0,440664064.0,20992.0,0.9921681402392348,0.037536,9.999997e-13,0.037536
19968,78.0,2140,1024,0.010656,0.194656,0.205312,2191360.0,2140.0,1024.0,398721024.0,19968.0,0.9836739899875598,0.205312,9.999997e-13,0.205312
22016,86.0,0,0,0.009504,0.0,0.009504,0.0,0.0,0.0,484704256.0,22016.0,0.9999999999999956,0.009504,9.999997e-13,0.009504
22528,44.0,0,0,0.022688,0.0,0.022688,0.0,0.0,0.0,507510784.0,22528.0,0.9999999999999957,0.022688,9.999997e-13,0.022688
23040,45.0,0,0,0.024128,0.0,0.024128,0.0,0.0,0.0,530841600.0,23040.0,0.9999999999999958,0.024128,9.999997e-13,0.024128
23552,46.0,0,0,0.01232,0.0,0.01232,0.0,0.0,0.0,554696704.0,23552.0,0.9999999999999958,0.01232,9.999997e-13,0.01232
20480,40.0,1974,512,0.014912,0.183072,0.197984,1010688.0,1974.0,512.0,419430400.0,20480.0,0.9948775412197809,0.197984,9.999997e-13,0.197984
20992,41.0,1974,512,0.014912,0.18304,0.197952,1010688.0,1974.0,512.0,440664064.0,20992.0,0.9950018547804481,0.197952,9.999997e-13,0.197952
18432,36.0,3948,1024,0.023776,0.312832,0.336608,4042752.0,3948.0,1024.0,339738624.0,18432.0,0.9886875828546128,0.336608,9.999997e-13,0.336608
22528,44.0,0,0,0.016416,0.0,0.016416,0.0,0.0,0.0,507510784.0,22528.0,0.9999999999999957,0.016416,9.999997e-13,0.016416
23040,45.0,0,0,0.021216,0.0,0.021216,0.0,0.0,0.0,530841600.0,23040.0,0.9999999999999958,0.021216,9.999997e-13,0.021216
23552,46.0,0,0,0.022336,0.0,0.022336,0.0,0.0,0.0,554696704.0,23552.0,0.9999999999999958,0.022336,9.999997e-13,0.022336
20480,40.0,1974,512,0.039872,0.068672,0.108544,1010688.0,1974.0,512.0,419430400.0,20480.0,0.9948775412197809,0.108544,9.999997e-13,0.108544
20480,20.0,0,0,0.065312,0.0,0.065312,0.0,0.0,0.0,419430400.0,20480.0,0.9999999999999952,0.065312,9.999997e-13,0.065312
21504,21.0,0,0,0.029024,0.0,0.029024,0.0,0.0,0.0,462422016.0,21504.0,0.9999999999999954,0.029024,9.999997e-13,0.029024
22528,22.0,0,0,0.0448,0.0,0.0448,0.0,0.0,0.0,507510784.0,22528.0,0.9999999999999957,0.0448,9.999997e-13,0.0448
18432,18.0,2669,512,0.034176,0.246208,0.280384,1366528.0,2669.0,512.0,339738624.0,18432.0,0.9955489098306448,0.280384,9.999997e-13,0.280384
19456,19.0,2669,512,0.026784,0.246208,0.272992,1366528.0,2669.0,512.0,378535936.0,19456.0,0.9957821896367033,0.272992,9.999997e-13,0.272992
16384,16.0,5338,1024,0.038912,0.428672,0.467584,5466112.0,5338.0,1024.0,268435456.0,16384.0,0.9900404606286903,0.467584,9.999997e-13,0.467584
20480,20.0,0,0,0.061856,0.0,0.061856,0.0,0.0,0.0,419430400.0,20480.0,0.9999999999999952,0.061856,9.999997e-13,0.061856
21504,21.0,0,0,0.034464,0.0,0.034464,0.0,0.0,0.0,462422016.0,21504.0,0.9999999999999954,0.034464,9.999997e-13,0.034464
22528,22.0,0,0,0.044928,0.0,0.044928,0.0,0.0,0.0,507510784.0,22528.0,0.9999999999999957,0.044928,9.999997e-13,0.044928
18432,18.0,2669,512,0.075744,0.063776,0.13952,1366528.0,2669.0,512.0,339738624.0,18432.0,0.9955489098306448,0.13952,9.999997e-13,0.13952
12288,6.0,0,0,0.100928,0.0,0.100928,0.0,0.0,0.0,150994944.0,12288.0,0.9999999999999919,0.100928,9.999997e-13,0.100928
14336,7.0,0,0,0.050592,0.0,0.050592,0.0,0.0,0.0,205520896.0,14336.0,0.999999999999993,0.050592,9.999997e-13,0.050592
16384,8.0,0,0,0.082848,0.0,0.082848,0.0,0.0,0.0,268435456.0,16384.0,0.999999999999994,0.082848,9.999997e-13,0.082848
10240,5.0,3364,512,0.107968,0.067808,0.175776,1722368.0,3364.0,512.0,104857600.0,10240.0,0.9934385892966894,0.175776,9.999997e-13,0.175776
12288,6.0,3364,512,0.105696,0.098624,0.20432,1722368.0,3364.0,512.0,150994944.0,12288.0,0.9945261717413537,0.20432,9.999997e-13,0.20432
8192,4.0,6728,1024,0.08752,0.430912,0.518432,6889472.0,6728.0,1024.0,67108864.0,8192.0,0.9837563451776533,0.518432,9.999997e-13,0.518432
12288,6.0,0,0,0.105344,0.0,0.105344,0.0,0.0,0.0,150994944.0,12288.0,0.9999999999999919,0.105344,9.999997e-13,0.105344
14336,7.0,0,0,0.055456,0.0,0.055456,0.0,0.0,0.0,205520896.0,14336.0,0.999999999999993,0.055456,9.999997e-13,0.055456
16384,8.0,0,0,0.084416,0.0,0.084416,0.0,0.0,0.0,268435456.0,16384.0,0.999999999999994,0.084416,9.999997e-13,0.084416
10240,5.0,3364,512,0.116768,0.06384,0.180608,1722368.0,3364.0,512.0,104857600.0,10240.0,0.9934385892966894,0.180608,9.999997e-13,0.180608
16384,4.0,0,0,0.309792,0.0,0.309792,0.0,0.0,0.0,268435456.0,16384.0,0.999999999999994,0.309792,9.999997e-13,0.309792
20480,5.0,0,0,0.156288,0.0,0.156288,0.0,0.0,0.0,419430400.0,20480.0,0.9999999999999952,0.156288,9.999997e-13,0.156288
24576,6.0,0,0,0.175456,0.0,0.175456,0.0,0.0,0.0,603979776.0,24576.0,0.999999999999996,0.175456,9.999997e-13,0.175456
16384,4.0,1649,512,0.160704,0.215008,0.375712,844288.0,1649.0,512.0,268435456.0,16384.0,0.9926504363803343,0.375712,9.999997e-13,0.375712
20480,5.0,1649,512,0.248896,0.086112,0.335008,844288.0,1649.0,512.0,419430400.0,20480.0,0.9941116938080735,0.335008,9.999997e-13,0.335008
16384,4.0,3298,1024,0.213568,0.34224,0.555808,3377152.0,3298.0,1024.0,268435456.0,16384.0,0.9854081167350607,0.555808,9.999997e-13,0.555808
16384,4.0,0,0,0.308864,0.0,0.308864,0.0,0.0,0.0,268435456.0,16384.0,0.999999999999994,0.308864,9.999997e-13,0.308864
20480,5.0,0,0,0.153792,0.0,0.153792,0.0,0.0,0.0,419430400.0,20480.0,0.9999999999999952,0.153792,9.999997e-13,0.153792
24576,6.0,0,0,0.165856,0.0,0.165856,0.0,0.0,0.0,603979776.0,24576.0,0.999999999999996,0.165856,9.999997e-13,0.165856
16384,4.0,1649,512,0.161408,0.215008,0.376416,844288.0,1649.0,512.0,268435456.0,16384.0,0.9926504363803343,0.376416,9.999997e-13,0.376416
16384,2.0,0,0,0.537728,0.0,0.537728,0.0,0.0,0.0,268435456.0,16384.0,0.999999999999994,0.537728,9.999997e-13,0.537728
24576,3.0,0,0,0.460032,0.0,0.460032,0.0,0.0,0.0,603979776.0,24576.0,0.999999999999996,0.460032,9.999997e-13,0.460032
32768,4.0,0,0,0.501888,0.0,0.501888,0.0,0.0,0.0,1073741824.0,32768.0,0.9999999999999969,0.501888,9.999997e-13,0.501888
40960,5.0,0,0,0.46144,0.0,0.46144,0.0,0.0,0.0,1677721600.0,40960.0,0.9999999999999976,0.46144,9.999997e-13,0.46144
49152,6.0,0,0,0.294656,0.0,0.294656,0.0,0.0,0.0,2415919104.0,49152.0,0.9999999999999979,0.294656,9.999997e-13,0.294656
57344,7.0,0,0,0.255328,0.0,0.255328,0.0,0.0,0.0,3288334336.0,57344.0,0.9999999999999982,0.255328,9.999997e-13,0.255328
73728,9.0,0,0,0.22096,0.0,0.22096,0.0,0.0,0.0,5435817984.0,73728.0,0.9999999999999987,0.22096,9.999997e-13,0.22096
16384,2.0,1137,512,0.414304,0.170176,0.58448,582144.0,1137.0,512.0,268435456.0,16384.0,0.990390390390385,0.58448,9.999997e-13,0.58448
24576,3.0,1137,512,0.293024,0.158656,0.4516799999999999,582144.0,1137.0,512.0,603979776.0,24576.0,0.9935730066278333,0.45168,9.999997e-13,0.45168
32768,4.0,1137,512,0.501376,0.052832,0.554208,582144.0,1137.0,512.0,1073741824.0,32768.0,0.995171997585996,0.554208,9.999997e-13,0.554208
32768,2.0,0,0,0.57952,0.0,0.57952,0.0,0.0,0.0,1073741824.0,32768.0,0.9999999999999969,0.57952,9.999997e-13,0.57952
49152,3.0,0,0,0.424576,0.0,0.424576,0.0,0.0,0.0,2415919104.0,49152.0,0.9999999999999979,0.424576,9.999997e-13,0.424576
32768,2.0,674,512,0.59616,0.077696,0.673856,345088.0,674.0,512.0,1073741824.0,32768.0,0.9932998324958099,0.673856,9.999997e-13,0.673856
49152,3.0,674,512,0.346208,0.089184,0.435392,345088.0,674.0,512.0,2415919104.0,49152.0,0.9955232232792373,0.435392,9.999997e-13,0.435392
32768,2.0,1348,1024,0.490912,0.239616,0.7305280000000001,1380352.0,1348.0,1024.0,1073741824.0,32768.0,0.9866888519134752,0.730528,9.999997e-13,0.730528
32768,2.0,0,0,0.656896,0.0,0.656896,0.0,0.0,0.0,1073741824.0,32768.0,0.9999999999999969,0.656896,9.999997e-13,0.656896
49152,3.0,0,0,0.289984,0.0,0.289984,0.0,0.0,0.0,2415919104.0,49152.0,0.9999999999999979,0.289984,9.999997e-13,0.289984
32768,2.0,674,512,0.596192,0.077664,0.673856,345088.0,674.0,512.0,1073741824.0,32768.0,0.9932998324958099,0.673856,9.999997e-13,0.673856
49152,3.0,674,512,0.346624,0.0896,0.436224,345088.0,674.0,512.0,2415919104.0,49152.0,0.9955232232792373,0.436224,9.999997e-13,0.436224
32768,2.0,1348,1024,0.490912,0.239648,0.73056,1380352.0,1348.0,1024.0,1073741824.0,32768.0,0.9866888519134752,0.73056,9.999997e-13,0.73056
18944,74.0,652,1024,0.02304,0.023616,0.046656,667648.0,652.0,1024.0,358875136.0,18944.0,0.9680299719013395,0.046656,9.999997e-13,0.046656
19200,75.0,652,1024,0.009536,0.080192,0.089728,667648.0,652.0,1024.0,368640000.0,19200.0,0.9684427871428982,0.089728,9.999997e-13,0.089728
17920,70.0,1304,2048,0.022656,0.13328,0.155936,2670592.0,1304.0,2048.0,321126400.0,17920.0,0.9347313404295973,0.155936,9.999997e-13,0.155936
18176,71.0,1304,2048,0.015936,0.118912,0.134848,2670592.0,1304.0,2048.0,330366976.0,18176.0,0.9355914079944618,0.134848,9.999997e-13,0.134848
18432,72.0,1304,2048,0.013888,0.133376,0.147264,2670592.0,1304.0,2048.0,339738624.0,18432.0,0.9364291035510276,0.147264,9.999997e-13,0.147264
18944,74.0,652,1024,0.020832,0.030176,0.051008,667648.0,652.0,1024.0,358875136.0,18944.0,0.9680299719013395,0.051008,9.999997e-13,0.051008
19200,75.0,652,1024,0.00816,0.080192,0.088352,667648.0,652.0,1024.0,368640000.0,19200.0,0.9684427871428982,0.088352,9.999997e-13,0.088352
17920,70.0,1304,2048,0.019424,0.142144,0.161568,2670592.0,1304.0,2048.0,321126400.0,17920.0,0.9347313404295973,0.161568,9.999997e-13,0.161568
18176,71.0,1304,2048,0.017376,0.128032,0.145408,2670592.0,1304.0,2048.0,330366976.0,18176.0,0.9355914079944618,0.145408,9.999997e-13,0.145408
18432,72.0,1304,2048,0.00864,0.12944,0.13808,2670592.0,1304.0,2048.0,339738624.0,18432.0,0.9364291035510276,0.13808,9.999997e-13,0.13808
19968,39.0,2728,1024,0.01344,0.18288,0.19632,2793472.0,2728.0,1024.0,398721024.0,19968.0,0.986197228662313,0.19632,9.999997e-13,0.19632
17408,34.0,5456,2048,0.0288,0.33712,0.3659199999999999,11173888.0,5456.0,2048.0,303038464.0,17408.0,0.9688905091748645,0.36592,9.999997e-13,0.36592
19968,39.0,2728,1024,0.01408,0.18288,0.19696,2793472.0,2728.0,1024.0,398721024.0,19968.0,0.986197228662313,0.19696,9.999997e-13,0.19696
17408,34.0,5456,2048,0.036384,0.343104,0.379488,11173888.0,5456.0,2048.0,303038464.0,17408.0,0.9688905091748645,0.379488,9.999997e-13,0.379488
19968,39.0,2728,1024,0.013024,0.18288,0.195904,2793472.0,2728.0,1024.0,398721024.0,19968.0,0.986197228662313,0.195904,9.999997e-13,0.195904
17408,34.0,5456,2048,0.033152,0.348416,0.381568,11173888.0,5456.0,2048.0,303038464.0,17408.0,0.9688905091748645,0.381568,9.999997e-13,0.381568
19968,39.0,2728,1024,0.01392,0.18288,0.1967999999999999,2793472.0,2728.0,1024.0,398721024.0,19968.0,0.986197228662313,0.1968,9.999997e-13,0.1968
17408,34.0,5456,2048,0.033504,0.3384,0.3719039999999999,11173888.0,5456.0,2048.0,303038464.0,17408.0,0.9688905091748645,0.371904,9.999997e-13,0.371904
19968,39.0,2728,1024,0.032864,0.057024,0.089888,2793472.0,2728.0,1024.0,398721024.0,19968.0,0.986197228662313,0.089888,9.999997e-13,0.089888
17408,34.0,5456,2048,0.025248,0.33776,0.363008,11173888.0,5456.0,2048.0,303038464.0,17408.0,0.9688905091748645,0.363008,9.999997e-13,0.363008
16384,16.0,3244,1024,0.055424,0.09664,0.152064,3321856.0,3244.0,1024.0,268435456.0,16384.0,0.9852262234533649,0.152064,9.999997e-13,0.152064
17408,17.0,3244,1024,0.025312,0.200544,0.225856,3321856.0,3244.0,1024.0,303038464.0,17408.0,0.9860831747757492,0.225856,9.999997e-13,0.225856
12288,12.0,6488,2048,0.042112,0.38448,0.4265919999999999,13287424.0,6488.0,2048.0,150994944.0,12288.0,0.9615500150195182,0.426592,9.999997e-13,0.426592
13312,13.0,6488,2048,0.03824,0.369184,0.407424,13287424.0,6488.0,2048.0,177209344.0,13312.0,0.9644024195230414,0.407424,9.999997e-13,0.407424
14336,14.0,6488,2048,0.041312,0.37536,0.416672,13287424.0,6488.0,2048.0,205520896.0,14336.0,0.966860841423942,0.416672,9.999997e-13,0.416672
16384,16.0,3244,1024,0.053312,0.093248,0.14656,3321856.0,3244.0,1024.0,268435456.0,16384.0,0.9852262234533649,0.14656,9.999997e-13,0.14656
17408,17.0,3244,1024,0.024896,0.20064,0.225536,3321856.0,3244.0,1024.0,303038464.0,17408.0,0.9860831747757492,0.225536,9.999997e-13,0.225536
12288,12.0,6488,2048,0.038624,0.391168,0.429792,13287424.0,6488.0,2048.0,150994944.0,12288.0,0.9615500150195182,0.429792,9.999997e-13,0.429792
13312,13.0,6488,2048,0.043136,0.3776,0.420736,13287424.0,6488.0,2048.0,177209344.0,13312.0,0.9644024195230414,0.420736,9.999997e-13,0.420736
14336,14.0,6488,2048,0.019584,0.368256,0.3878399999999999,13287424.0,6488.0,2048.0,205520896.0,14336.0,0.966860841423942,0.38784,9.999997e-13,0.38784
20480,10.0,767,1024,0.172608,0.014848,0.187456,785408.0,767.0,1024.0,419430400.0,20480.0,0.9722071436326101,0.187456,9.999997e-13,0.187456
20480,10.0,1534,2048,0.111232,0.199968,0.3112,3141632.0,1534.0,2048.0,419430400.0,20480.0,0.9459173972747411,0.3112,9.999997e-13,0.3112
20480,10.0,767,1024,0.154016,0.010624,0.1646399999999999,785408.0,767.0,1024.0,419430400.0,20480.0,0.9722071436326101,0.16464,9.999997e-13,0.16464
20480,10.0,1534,2048,0.115712,0.188896,0.304608,3141632.0,1534.0,2048.0,419430400.0,20480.0,0.9459173972747411,0.304608,9.999997e-13,0.304608
20480,10.0,767,1024,0.091424,0.108544,0.199968,785408.0,767.0,1024.0,419430400.0,20480.0,0.9722071436326101,0.199968,9.999997e-13,0.199968
20480,10.0,1534,2048,0.11264,0.183392,0.296032,3141632.0,1534.0,2048.0,419430400.0,20480.0,0.9459173972747411,0.296032,9.999997e-13,0.296032
20480,10.0,767,1024,0.089216,0.10864,0.197856,785408.0,767.0,1024.0,419430400.0,20480.0,0.9722071436326101,0.197856,9.999997e-13,0.197856
20480,10.0,1534,2048,0.106816,0.191968,0.298784,3141632.0,1534.0,2048.0,419430400.0,20480.0,0.9459173972747411,0.298784,9.999997e-13,0.298784
20480,10.0,767,1024,0.091968,0.108576,0.200544,785408.0,767.0,1024.0,419430400.0,20480.0,0.9722071436326101,0.200544,9.999997e-13,0.200544
20480,10.0,1534,2048,0.122688,0.18288,0.305568,3141632.0,1534.0,2048.0,419430400.0,20480.0,0.9459173972747411,0.305568,9.999997e-13,0.305568
12288,3.0,2517,1024,0.08672,0.185088,0.271808,2577408.0,2517.0,1024.0,150994944.0,12288.0,0.9764684254067397,0.271808,9.999997e-13,0.271808
16384,4.0,2517,1024,0.171712,0.016384,0.188096,2577408.0,2517.0,1024.0,268435456.0,16384.0,0.9822468793342527,0.188096,9.999997e-13,0.188096
8192,2.0,5034,2048,0.19424,0.344832,0.539072,10309632.0,5034.0,2048.0,67108864.0,8192.0,0.9325783513299876,0.539072,9.999997e-13,0.539072
12288,3.0,5034,2048,0.104832,0.350752,0.455584,10309632.0,5034.0,2048.0,150994944.0,12288.0,0.954018859452171,0.455584,9.999997e-13,0.455584
16384,4.0,5034,2048,0.136096,0.341984,0.47808,10309632.0,5034.0,2048.0,268435456.0,16384.0,0.9651131098391881,0.47808,9.999997e-13,0.47808
12288,3.0,2517,1024,0.195392,0.097344,0.292736,2577408.0,2517.0,1024.0,150994944.0,12288.0,0.9764684254067397,0.292736,9.999997e-13,0.292736
16384,4.0,2517,1024,0.170912,0.016064,0.186976,2577408.0,2517.0,1024.0,268435456.0,16384.0,0.9822468793342527,0.186976,9.999997e-13,0.186976
8192,2.0,5034,2048,0.193216,0.345728,0.538944,10309632.0,5034.0,2048.0,67108864.0,8192.0,0.9325783513299876,0.538944,9.999997e-13,0.538944
12288,3.0,5034,2048,0.184192,0.283744,0.467936,10309632.0,5034.0,2048.0,150994944.0,12288.0,0.954018859452171,0.467936,9.999997e-13,0.467936
16384,4.0,5034,2048,0.138176,0.3368,0.4749759999999999,10309632.0,5034.0,2048.0,268435456.0,16384.0,0.9651131098391881,0.474976,9.999997e-13,0.474976
24576,3.0,3882,1024,0.353024,0.24336,0.596384,3975168.0,3882.0,1024.0,603979776.0,24576.0,0.991378148996359,0.596384,9.999997e-13,0.596384
32768,4.0,3882,1024,0.397568,0.000672,0.39824,3975168.0,3882.0,1024.0,1073741824.0,32768.0,0.993519643580394,0.39824,9.999997e-13,0.39824
16384,2.0,7764,2048,0.389696,0.475008,0.8647039999999999,15900672.0,7764.0,2048.0,268435456.0,16384.0,0.9745729042510871,0.864704,9.999997e-13,0.864704
24576,3.0,7764,2048,0.430016,0.314432,0.744448,15900672.0,7764.0,2048.0,603979776.0,24576.0,0.9829036997462232,0.744448,9.999997e-13,0.744448
32768,4.0,7764,2048,0.309152,0.416224,0.725376,15900672.0,7764.0,2048.0,1073741824.0,32768.0,0.9871227364185082,0.725376,9.999997e-13,0.725376
24576,3.0,3882,1024,0.353792,0.243328,0.59712,3975168.0,3882.0,1024.0,603979776.0,24576.0,0.991378148996359,0.59712,9.999997e-13,0.59712
32768,4.0,3882,1024,0.397504,0.000256,0.39776,3975168.0,3882.0,1024.0,1073741824.0,32768.0,0.993519643580394,0.39776,9.999997e-13,0.39776
16384,2.0,7764,2048,0.388128,0.476512,0.86464,15900672.0,7764.0,2048.0,268435456.0,16384.0,0.9745729042510871,0.86464,9.999997e-13,0.86464
24576,3.0,7764,2048,0.201984,0.474336,0.67632,15900672.0,7764.0,2048.0,603979776.0,24576.0,0.9829036997462232,0.67632,9.999997e-13,0.67632
32768,4.0,7764,2048,0.307968,0.405088,0.713056,15900672.0,7764.0,2048.0,1073741824.0,32768.0,0.9871227364185082,0.713056,9.999997e-13,0.713056
32768,2.0,1043,1024,0.70192,0.064704,0.766624,1068032.0,1043.0,1024.0,1073741824.0,32768.0,0.9847546450690782,0.766624,9.999997e-13,0.766624
49152,3.0,1043,1024,0.702336,0.047392,0.749728,1068032.0,1043.0,1024.0,2415919104.0,49152.0,0.9897845171588173,0.749728,9.999997e-13,0.749728
32768,2.0,2086,2048,0.445568,0.291328,0.736896,4272128.0,2086.0,2048.0,1073741824.0,32768.0,0.9699671515720297,0.736896,9.999997e-13,0.736896
49152,3.0,2086,2048,0.459552,0.187456,0.647008,4272128.0,2086.0,2048.0,2415919104.0,49152.0,0.9797756359614458,0.647008,9.999997e-13,0.647008
65536,4.0,2086,2048,0.450112,0.175104,0.625216,4272128.0,2086.0,2048.0,4294967296.0,65536.0,0.9847546450690793,0.625216,9.999997e-13,0.625216
32768,2.0,1043,1024,0.58608,0.127808,0.7138880000000001,1068032.0,1043.0,1024.0,1073741824.0,32768.0,0.9847546450690782,0.713888,9.999997e-13,0.713888
49152,3.0,1043,1024,0.701056,0.047328,0.748384,1068032.0,1043.0,1024.0,2415919104.0,49152.0,0.9897845171588173,0.748384,9.999997e-13,0.748384
32768,2.0,2086,2048,0.324992,0.295648,0.6206400000000001,4272128.0,2086.0,2048.0,1073741824.0,32768.0,0.9699671515720297,0.62064,9.999997e-13,0.62064
49152,3.0,2086,2048,0.298112,0.297248,0.59536,4272128.0,2086.0,2048.0,2415919104.0,49152.0,0.9797756359614458,0.59536,9.999997e-13,0.59536
65536,4.0,2086,2048,0.444512,0.17584,0.620352,4272128.0,2086.0,2048.0,4294967296.0,65536.0,0.9847546450690793,0.620352,9.999997e-13,0.620352
14336,56.0,886,4096,0.009824,0.115552,0.125376,3629056.0,886.0,4096.0,205520896.0,14336.0,0.8097803371569205,0.125376,9.999997e-13,0.125376
13568,53.0,1329,6144,0.008928,0.091552,0.10048,8165376.0,1329.0,6144.0,184090624.0,13568.0,0.7287042914309356,0.10048,9.999997e-13,0.10048
13824,54.0,1329,6144,0.008416,0.092192,0.100608,8165376.0,1329.0,6144.0,191102976.0,13824.0,0.7323837836071987,0.100608,9.999997e-13,0.100608
12800,50.0,1772,8192,0.013408,0.079328,0.092736,14516224.0,1772.0,8192.0,163840000.0,12800.0,0.6552297381185349,0.092736,9.999997e-13,0.092736
13056,51.0,1772,8192,0.01072,0.078688,0.0894079999999999,14516224.0,1772.0,8192.0,170459136.0,13056.0,0.6596893710048438,0.089408,9.999997e-13,0.089408
13312,52.0,1772,8192,0.013824,0.078784,0.092608,14516224.0,1772.0,8192.0,177209344.0,13312.0,0.664035105706727,0.092608,9.999997e-13,0.092608
13568,53.0,1329,6144,0.009408,0.0904,0.099808,8165376.0,1329.0,6144.0,184090624.0,13568.0,0.7287042914309356,0.099808,9.999997e-13,0.099808
13824,54.0,1329,6144,0.014592,0.101536,0.116128,8165376.0,1329.0,6144.0,191102976.0,13824.0,0.7323837836071987,0.116128,9.999997e-13,0.116128
12800,50.0,1772,8192,0.012736,0.075648,0.088384,14516224.0,1772.0,8192.0,163840000.0,12800.0,0.6552297381185349,0.088384,9.999997e-13,0.088384
13056,51.0,1772,8192,0.011328,0.074368,0.085696,14516224.0,1772.0,8192.0,170459136.0,13056.0,0.6596893710048438,0.085696,9.999997e-13,0.085696
21504,42.0,6844,4096,0.025024,0.390784,0.415808,28033024.0,6844.0,4096.0,462422016.0,21504.0,0.9334319286213418,0.415808,9.999997e-13,0.415808
18432,36.0,10266,6144,0.024704,0.240544,0.265248,63074304.0,10266.0,6144.0,339738624.0,18432.0,0.8890454003684004,0.265248,9.999997e-13,0.265248
14848,29.0,13688,8192,0.023584,0.318592,0.342176,112132096.0,13688.0,8192.0,220463104.0,14848.0,0.8287965391487855,0.342176,9.999997e-13,0.342176
15360,30.0,13688,8192,0.01184,0.370496,0.382336,112132096.0,13688.0,8192.0,235929600.0,15360.0,0.8335534469796984,0.382336,9.999997e-13,0.382336
18432,36.0,10266,6144,0.026144,0.269088,0.295232,63074304.0,10266.0,6144.0,339738624.0,18432.0,0.8890454003684004,0.295232,9.999997e-13,0.295232
14848,29.0,13688,8192,0.025856,0.2976,0.3234559999999999,112132096.0,13688.0,8192.0,220463104.0,14848.0,0.8287965391487855,0.323456,9.999997e-13,0.323456
15360,30.0,13688,8192,0.013248,0.370912,0.38416,112132096.0,13688.0,8192.0,235929600.0,15360.0,0.8335534469796984,0.38416,9.999997e-13,0.38416
18432,36.0,10266,6144,0.011648,0.352,0.3636479999999999,63074304.0,10266.0,6144.0,339738624.0,18432.0,0.8890454003684004,0.363648,9.999997e-13,0.363648
14848,29.0,13688,8192,0.012448,0.3696,0.382048,112132096.0,13688.0,8192.0,220463104.0,14848.0,0.8287965391487855,0.382048,9.999997e-13,0.382048
15360,30.0,13688,8192,0.025728,0.308992,0.33472,112132096.0,13688.0,8192.0,235929600.0,15360.0,0.8335534469796984,0.33472,9.999997e-13,0.33472
20480,20.0,7518,4096,0.05072,0.378368,0.4290879999999999,30793728.0,7518.0,4096.0,419430400.0,20480.0,0.9341118939613257,0.429088,9.999997e-13,0.429088
16384,16.0,11277,6144,0.023456,0.397888,0.421344,69285888.0,11277.0,6144.0,268435456.0,16384.0,0.8831939163498058,0.421344,9.999997e-13,0.421344
17408,17.0,11277,6144,0.050144,0.24544,0.295584,69285888.0,11277.0,6144.0,303038464.0,17408.0,0.8893042781085838,0.295584,9.999997e-13,0.295584
12288,12.0,15036,8192,0.047424,0.3296,0.377024,123174912.0,15036.0,8192.0,150994944.0,12288.0,0.8096388901798531,0.377024,9.999997e-13,0.377024
13312,13.0,15036,8192,0.042144,0.339392,0.381536,123174912.0,15036.0,8192.0,177209344.0,13312.0,0.8216707482993153,0.381536,9.999997e-13,0.381536
14336,14.0,15036,8192,0.037216,0.323936,0.361152,123174912.0,15036.0,8192.0,205520896.0,14336.0,0.8322720665015008,0.361152,9.999997e-13,0.361152
16384,16.0,11277,6144,0.043584,0.255968,0.299552,69285888.0,11277.0,6144.0,268435456.0,16384.0,0.8831939163498058,0.299552,9.999997e-13,0.299552
17408,17.0,11277,6144,0.049856,0.248832,0.298688,69285888.0,11277.0,6144.0,303038464.0,17408.0,0.8893042781085838,0.298688,9.999997e-13,0.298688
12288,12.0,15036,8192,0.048032,0.327424,0.375456,123174912.0,15036.0,8192.0,150994944.0,12288.0,0.8096388901798531,0.375456,9.999997e-13,0.375456
13312,13.0,15036,8192,0.040576,0.34032,0.380896,123174912.0,15036.0,8192.0,177209344.0,13312.0,0.8216707482993153,0.380896,9.999997e-13,0.380896
16384,8.0,3624,4096,0.076672,0.261088,0.33776,14843904.0,3624.0,4096.0,268435456.0,16384.0,0.8828911253430891,0.33776,9.999997e-13,0.33776
14336,7.0,5436,6144,0.102272,0.208544,0.310816,33398784.0,5436.0,6144.0,205520896.0,14336.0,0.8147388734772611,0.310816,9.999997e-13,0.310816
16384,8.0,5436,6144,0.092032,0.175936,0.267968,33398784.0,5436.0,6144.0,268435456.0,16384.0,0.8340535868625726,0.267968,9.999997e-13,0.267968
12288,6.0,7248,8192,0.044768,0.22736,0.272128,59375616.0,7248.0,8192.0,150994944.0,12288.0,0.7387088542995631,0.272128,9.999997e-13,0.272128
14336,7.0,7248,8192,0.048256,0.206592,0.254848,59375616.0,7248.0,8192.0,205520896.0,14336.0,0.7673520390775843,0.254848,9.999997e-13,0.254848
16384,8.0,7248,8192,0.039264,0.198432,0.237696,59375616.0,7248.0,8192.0,268435456.0,16384.0,0.7903357903357876,0.237696,9.999997e-13,0.237696
14336,7.0,5436,6144,0.038336,0.20752,0.245856,33398784.0,5436.0,6144.0,205520896.0,14336.0,0.8147388734772611,0.245856,9.999997e-13,0.245856
16384,8.0,5436,6144,0.096448,0.174528,0.270976,33398784.0,5436.0,6144.0,268435456.0,16384.0,0.8340535868625726,0.270976,9.999997e-13,0.270976
12288,6.0,7248,8192,0.048064,0.2256,0.273664,59375616.0,7248.0,8192.0,150994944.0,12288.0,0.7387088542995631,0.273664,9.999997e-13,0.273664
14336,7.0,7248,8192,0.04784,0.206528,0.254368,59375616.0,7248.0,8192.0,205520896.0,14336.0,0.7673520390775843,0.254368,9.999997e-13,0.254368
24576,6.0,5718,4096,0.163584,0.357952,0.521536,23420928.0,5718.0,4096.0,603979776.0,24576.0,0.9349634804699876,0.521536,9.999997e-13,0.521536
20480,5.0,8577,6144,0.18768,0.25664,0.44432,52697088.0,8577.0,6144.0,419430400.0,20480.0,0.8887238743796831,0.44432,9.999997e-13,0.44432
24576,6.0,8577,6144,0.164992,0.20272,0.367712,52697088.0,8577.0,6144.0,603979776.0,24576.0,0.9055176231777053,0.367712,9.999997e-13,0.367712
16384,4.0,11436,8192,0.181024,0.274464,0.455488,93683712.0,11436.0,8192.0,268435456.0,16384.0,0.8273478334176327,0.455488,9.999997e-13,0.455488
20480,5.0,11436,8192,0.160896,0.220832,0.381728,93683712.0,11436.0,8192.0,419430400.0,20480.0,0.8569382836785273,0.381728,9.999997e-13,0.381728
24576,6.0,11436,8192,0.126464,0.29264,0.419104,93683712.0,11436.0,8192.0,603979776.0,24576.0,0.8778698789432856,0.419104,9.999997e-13,0.419104
20480,5.0,8577,6144,0.073792,0.291296,0.3650879999999999,52697088.0,8577.0,6144.0,419430400.0,20480.0,0.8887238743796831,0.365088,9.999997e-13,0.365088
24576,6.0,8577,6144,0.166848,0.202656,0.369504,52697088.0,8577.0,6144.0,603979776.0,24576.0,0.9055176231777053,0.369504,9.999997e-13,0.369504
16384,4.0,11436,8192,0.18448,0.276128,0.460608,93683712.0,11436.0,8192.0,268435456.0,16384.0,0.8273478334176327,0.460608,9.999997e-13,0.460608
20480,5.0,11436,8192,0.157024,0.218432,0.375456,93683712.0,11436.0,8192.0,419430400.0,20480.0,0.8569382836785273,0.375456,9.999997e-13,0.375456
16384,2.0,3544,4096,0.323232,0.25824,0.581472,14516224.0,3544.0,4096.0,268435456.0,16384.0,0.8818097876269588,0.581472,9.999997e-13,0.581472
8192,1.0,5316,6144,0.139968,0.285632,0.4256,32661504.0,5316.0,6144.0,67108864.0,8192.0,0.7132188200149321,0.4256,9.999997e-13,0.4256
16384,2.0,5316,6144,0.32864,0.152928,0.481568,32661504.0,5316.0,6144.0,268435456.0,16384.0,0.8326068003487329,0.481568,9.999997e-13,0.481568
0,0.0,7088,8192,0.0,0.222752,0.222752,58064896.0,7088.0,8192.0,0.0,0.0,0.0,0.222752,9.999997e-13,0.222752
8192,1.0,7088,8192,0.027424,0.251392,0.278816,58064896.0,7088.0,8192.0,67108864.0,8192.0,0.6509884117246044,0.278816,9.999997e-13,0.278816
16384,2.0,7088,8192,0.31568,0.2184,0.53408,58064896.0,7088.0,8192.0,268435456.0,16384.0,0.7886044591246877,0.53408,9.999997e-13,0.53408
8192,1.0,5316,6144,0.139968,0.285728,0.4256959999999999,32661504.0,5316.0,6144.0,67108864.0,8192.0,0.7132188200149321,0.425696,9.999997e-13,0.425696
16384,2.0,5316,6144,0.328416,0.152864,0.48128,32661504.0,5316.0,6144.0,268435456.0,16384.0,0.8326068003487329,0.48128,9.999997e-13,0.48128
0,0.0,7088,8192,0.0,0.221408,0.221408,58064896.0,7088.0,8192.0,0.0,0.0,0.0,0.221408,9.999997e-13,0.221408
8192,1.0,7088,8192,0.182048,0.083648,0.265696,58064896.0,7088.0,8192.0,67108864.0,8192.0,0.6509884117246044,0.265696,9.999997e-13,0.265696
49152,3.0,6002,4096,0.430464,0.28704,0.717504,24584192.0,6002.0,4096.0,2415919104.0,49152.0,0.9673031483491906,0.717504,9.999997e-13,0.717504
16384,1.0,9003,6144,0.244544,0.240352,0.484896,55314432.0,9003.0,6144.0,268435456.0,16384.0,0.8679731820526007,0.484896,9.999997e-13,0.484896
32768,2.0,9003,6144,0.280704,0.346656,0.62736,55314432.0,9003.0,6144.0,1073741824.0,32768.0,0.9293208172280485,0.62736,9.999997e-13,0.62736
49152,3.0,9003,6144,0.224992,0.347168,0.57216,55314432.0,9003.0,6144.0,2415919104.0,49152.0,0.9517436380772839,0.57216,9.999997e-13,0.57216
0,0.0,12004,8192,0.0,0.313344,0.313344,98336768.0,12004.0,8192.0,0.0,0.0,0.0,0.313344,9.999997e-13,0.313344
16384,1.0,12004,8192,0.056384,0.316448,0.372832,98336768.0,12004.0,8192.0,268435456.0,16384.0,0.8313848180470902,0.372832,9.999997e-13,0.372832
32768,2.0,12004,8192,0.142656,0.289632,0.432288,98336768.0,12004.0,8192.0,1073741824.0,32768.0,0.9079302283761892,0.432288,9.999997e-13,0.432288
32768,2.0,9003,6144,0.283648,0.352032,0.63568,55314432.0,9003.0,6144.0,1073741824.0,32768.0,0.9293208172280485,0.63568,9.999997e-13,0.63568
49152,3.0,9003,6144,0.224256,0.3536,0.577856,55314432.0,9003.0,6144.0,2415919104.0,49152.0,0.9517436380772839,0.577856,9.999997e-13,0.577856
0,0.0,12004,8192,0.0,0.311712,0.311712,98336768.0,12004.0,8192.0,0.0,0.0,0.0,0.311712,9.999997e-13,0.311712
17920,70.0,16506,24576,0.017024,0.250752,0.2677759999999999,405651456.0,16506.0,24576.0,321126400.0,17920.0,0.5493257352958021,0.267776,9.999997e-13,0.267776
15104,59.0,19257,28672,0.014656,0.241248,0.2559039999999999,552136704.0,19257.0,28672.0,228130816.0,15104.0,0.4682523399692825,0.255904,9.999997e-13,0.255904
15360,60.0,19257,28672,0.015712,0.244608,0.26032,552136704.0,19257.0,28672.0,235929600.0,15360.0,0.47243931497334235,0.26032,9.999997e-13,0.26032
12288,48.0,22008,32768,0.015008,0.191136,0.206144,721158144.0,22008.0,32768.0,150994944.0,12288.0,0.3853195520456201,0.206144,9.999997e-13,0.206144
12544,49.0,22008,32768,0.014592,0.198432,0.213024,721158144.0,22008.0,32768.0,157351936.0,12544.0,0.3902145986640932,0.213024,9.999997e-13,0.213024
12800,50.0,22008,32768,0.01504,0.196352,0.211392,721158144.0,22008.0,32768.0,163840000.0,12800.0,0.3950322972221382,0.211392,9.999997e-13,0.211392
17920,70.0,16506,24576,0.015584,0.260576,0.2761599999999999,405651456.0,16506.0,24576.0,321126400.0,17920.0,0.5493257352958021,0.27616,9.999997e-13,0.27616
15104,59.0,19257,28672,0.015968,0.24272,0.258688,552136704.0,19257.0,28672.0,228130816.0,15104.0,0.4682523399692825,0.258688,9.999997e-13,0.258688
15360,60.0,19257,28672,0.016064,0.222048,0.238112,552136704.0,19257.0,28672.0,235929600.0,15360.0,0.47243931497334235,0.238112,9.999997e-13,0.238112
12288,48.0,22008,32768,0.016448,0.194752,0.2112,721158144.0,22008.0,32768.0,150994944.0,12288.0,0.3853195520456201,0.2112,9.999997e-13,0.2112
18432,36.0,14658,24576,0.023744,0.219392,0.243136,360235008.0,14658.0,24576.0,339738624.0,18432.0,0.5449015305130404,0.243136,9.999997e-13,0.243136
16384,32.0,17101,28672,0.011808,0.260672,0.27248,490319872.0,17101.0,28672.0,268435456.0,16384.0,0.4770555190778426,0.27248,9.999997e-13,0.27248
13824,27.0,19544,32768,0.026496,0.209056,0.2355519999999999,640417792.0,19544.0,32768.0,191102976.0,13824.0,0.40244861487541445,0.235552,9.999997e-13,0.235552
14336,28.0,19544,32768,0.02336,0.226912,0.250272,640417792.0,19544.0,32768.0,205520896.0,14336.0,0.41122460897142116,0.250272,9.999997e-13,0.250272
18432,36.0,14658,24576,0.025696,0.22256,0.248256,360235008.0,14658.0,24576.0,339738624.0,18432.0,0.5449015305130404,0.248256,9.999997e-13,0.248256
16384,32.0,17101,28672,0.026848,0.146368,0.173216,490319872.0,17101.0,28672.0,268435456.0,16384.0,0.4770555190778426,0.173216,9.999997e-13,0.173216
13824,27.0,19544,32768,0.027008,0.203808,0.230816,640417792.0,19544.0,32768.0,191102976.0,13824.0,0.40244861487541445,0.230816,9.999997e-13,0.230816
14336,28.0,19544,32768,0.023008,0.223456,0.246464,640417792.0,19544.0,32768.0,205520896.0,14336.0,0.41122460897142116,0.246464,9.999997e-13,0.246464
18432,36.0,14658,24576,0.025504,0.223808,0.249312,360235008.0,14658.0,24576.0,339738624.0,18432.0,0.5449015305130404,0.249312,9.999997e-13,0.249312
16384,32.0,17101,28672,0.026304,0.143968,0.170272,490319872.0,17101.0,28672.0,268435456.0,16384.0,0.4770555190778426,0.170272,9.999997e-13,0.170272
18432,18.0,5550,24576,0.042976,0.10592,0.148896,136396800.0,5550.0,24576.0,339738624.0,18432.0,0.47899640665246246,0.148896,9.999997e-13,0.148896
16384,16.0,6475,28672,0.020992,0.107104,0.128096,185651200.0,6475.0,28672.0,268435456.0,16384.0,0.411928788251702,0.128096,9.999997e-13,0.128096
17408,17.0,6475,28672,0.041088,0.104992,0.14608,185651200.0,6475.0,28672.0,303038464.0,17408.0,0.42668899497613,0.14608,9.999997e-13,0.14608
14336,14.0,7400,32768,0.026272,0.107872,0.1341439999999999,242483200.0,7400.0,32768.0,205520896.0,14336.0,0.34908574436598006,0.134144,9.999997e-13,0.134144
15360,15.0,7400,32768,0.022944,0.106848,0.129792,242483200.0,7400.0,32768.0,235929600.0,15360.0,0.36492124019439176,0.129792,9.999997e-13,0.129792
16384,16.0,7400,32768,0.022496,0.105248,0.127744,242483200.0,7400.0,32768.0,268435456.0,16384.0,0.3800045409823655,0.127744,9.999997e-13,0.127744
18432,18.0,5550,24576,0.040192,0.099552,0.139744,136396800.0,5550.0,24576.0,339738624.0,18432.0,0.47899640665246246,0.139744,9.999997e-13,0.139744
16384,16.0,6475,28672,0.052928,0.105376,0.158304,185651200.0,6475.0,28672.0,268435456.0,16384.0,0.411928788251702,0.158304,9.999997e-13,0.158304
17408,17.0,6475,28672,0.018752,0.107232,0.1259839999999999,185651200.0,6475.0,28672.0,303038464.0,17408.0,0.42668899497613,0.125984,9.999997e-13,0.125984
14336,14.0,7400,32768,0.026304,0.105568,0.131872,242483200.0,7400.0,32768.0,205520896.0,14336.0,0.34908574436598006,0.131872,9.999997e-13,0.131872
20480,10.0,8166,24576,0.052736,0.155584,0.20832,200687616.0,8166.0,24576.0,419430400.0,20480.0,0.5261178920576149,0.20832,9.999997e-13,0.20832
18432,9.0,9527,28672,0.03824,0.15264,0.19088,273158144.0,9527.0,28672.0,339738624.0,18432.0,0.46134119879387875,0.19088,9.999997e-13,0.19088
20480,10.0,9527,28672,0.037856,0.158496,0.196352,273158144.0,9527.0,28672.0,419430400.0,20480.0,0.48760655503332867,0.196352,9.999997e-13,0.196352
16384,8.0,10888,32768,0.062368,0.16256,0.224928,356777984.0,10888.0,32768.0,268435456.0,16384.0,0.39980950985420133,0.224928,9.999997e-13,0.224928
18432,9.0,10888,32768,0.079904,0.148928,0.228832,356777984.0,10888.0,32768.0,339738624.0,18432.0,0.4283770464635535,0.228832,9.999997e-13,0.228832
20480,10.0,10888,32768,0.040288,0.154752,0.19504,356777984.0,10888.0,32768.0,419430400.0,20480.0,0.45434865868482793,0.19504,9.999997e-13,0.19504
20480,10.0,8166,24576,0.054912,0.15168,0.206592,200687616.0,8166.0,24576.0,419430400.0,20480.0,0.5261178920576149,0.206592,9.999997e-13,0.206592
18432,9.0,9527,28672,0.094784,0.15872,0.253504,273158144.0,9527.0,28672.0,339738624.0,18432.0,0.46134119879387875,0.253504,9.999997e-13,0.253504
20480,10.0,9527,28672,0.086464,0.109088,0.195552,273158144.0,9527.0,28672.0,419430400.0,20480.0,0.48760655503332867,0.195552,9.999997e-13,0.195552
16384,8.0,10888,32768,0.057248,0.160512,0.2177599999999999,356777984.0,10888.0,32768.0,268435456.0,16384.0,0.39980950985420133,0.21776,9.999997e-13,0.21776
24576,6.0,6930,24576,0.155584,0.131456,0.2870399999999999,170311680.0,6930.0,24576.0,603979776.0,24576.0,0.5617845297956559,0.28704,9.999997e-13,0.28704
20480,5.0,8085,28672,0.17424,0.125056,0.299296,231813120.0,8085.0,28672.0,419430400.0,20480.0,0.4779980701658561,0.299296,9.999997e-13,0.299296
24576,6.0,8085,28672,0.07824,0.125184,0.203424,231813120.0,8085.0,28672.0,603979776.0,24576.0,0.5235468111269895,0.203424,9.999997e-13,0.203424
16384,4.0,9240,32768,0.194112,0.130336,0.324448,302776320.0,9240.0,32768.0,268435456.0,16384.0,0.3906122145354456,0.324448,9.999997e-13,0.324448
20480,5.0,9240,32768,0.097888,0.125088,0.222976,302776320.0,9240.0,32768.0,419430400.0,20480.0,0.44482659302305844,0.222976,9.999997e-13,0.222976
24576,6.0,9240,32768,0.124512,0.120512,0.245024,302776320.0,9240.0,32768.0,603979776.0,24576.0,0.49018265550611406,0.245024,9.999997e-13,0.245024
24576,6.0,6930,24576,0.159584,0.134848,0.294432,170311680.0,6930.0,24576.0,603979776.0,24576.0,0.5617845297956559,0.294432,9.999997e-13,0.294432
20480,5.0,8085,28672,0.168352,0.123008,0.29136,231813120.0,8085.0,28672.0,419430400.0,20480.0,0.4779980701658561,0.29136,9.999997e-13,0.29136
24576,6.0,8085,28672,0.174272,0.069184,0.243456,231813120.0,8085.0,28672.0,603979776.0,24576.0,0.5235468111269895,0.243456,9.999997e-13,0.243456
16384,4.0,9240,32768,0.192576,0.124064,0.31664,302776320.0,9240.0,32768.0,268435456.0,16384.0,0.3906122145354456,0.31664,9.999997e-13,0.31664
16384,2.0,22248,24576,0.296672,0.208096,0.504768,546766848.0,22248.0,24576.0,268435456.0,16384.0,0.5595067393174635,0.504768,9.999997e-13,0.504768
24576,3.0,22248,24576,0.322496,0.321888,0.6443840000000001,546766848.0,22248.0,24576.0,603979776.0,24576.0,0.6557983193277298,0.644384,9.999997e-13,0.644384
16384,2.0,25956,28672,0.286912,0.347136,0.634048,744210432.0,25956.0,28672.0,268435456.0,16384.0,0.5212396473417034,0.634048,9.999997e-13,0.634048
24576,3.0,25956,28672,0.296384,0.313408,0.609792,744210432.0,25956.0,28672.0,603979776.0,24576.0,0.620218289710712,0.609792,9.999997e-13,0.609792
16384,2.0,29664,32768,0.35936,0.222528,0.581888,972029952.0,29664.0,32768.0,268435456.0,16384.0,0.487871967991997,0.581888,9.999997e-13,0.581888
16384,2.0,22248,24576,0.304064,0.192768,0.496832,546766848.0,22248.0,24576.0,268435456.0,16384.0,0.5595067393174635,0.496832,9.999997e-13,0.496832
24576,3.0,22248,24576,0.226624,0.159488,0.386112,546766848.0,22248.0,24576.0,603979776.0,24576.0,0.6557983193277298,0.386112,9.999997e-13,0.386112
16384,2.0,25956,28672,0.275904,0.353344,0.629248,744210432.0,25956.0,28672.0,268435456.0,16384.0,0.5212396473417034,0.629248,9.999997e-13,0.629248
24576,3.0,25956,28672,0.326016,0.157344,0.48336,744210432.0,25956.0,28672.0,603979776.0,24576.0,0.620218289710712,0.48336,9.999997e-13,0.48336
16384,2.0,29664,32768,0.3608,0.212864,0.573664,972029952.0,29664.0,32768.0,268435456.0,16384.0,0.487871967991997,0.573664,9.999997e-13,0.573664
32768,2.0,7164,24576,0.36208,0.136096,0.498176,176062464.0,7164.0,24576.0,1073741824.0,32768.0,0.632623774216694,0.498176,9.999997e-13,0.498176
16384,1.0,8358,28672,0.200096,0.122976,0.323072,239640576.0,8358.0,28672.0,268435456.0,16384.0,0.42462674586610977,0.323072,9.999997e-13,0.323072
32768,2.0,8358,28672,0.304704,0.11104,0.415744,239640576.0,8358.0,28672.0,1073741824.0,32768.0,0.5961235068740136,0.415744,9.999997e-13,0.415744
0,0.0,9552,32768,0.0,0.099616,0.099616,312999936.0,9552.0,32768.0,0.0,0.0,0.0,0.099616,9.999997e-13,0.099616
16384,1.0,9552,32768,0.153056,0.12896,0.282016,312999936.0,9552.0,32768.0,268435456.0,16384.0,0.39237501854324247,0.282016,9.999997e-13,0.282016
32768,2.0,9552,32768,0.238592,0.12816,0.3667519999999999,312999936.0,9552.0,32768.0,1073741824.0,32768.0,0.5636053696995521,0.366752,9.999997e-13,0.366752
32768,2.0,7164,24576,0.29616,0.070016,0.3661759999999999,176062464.0,7164.0,24576.0,1073741824.0,32768.0,0.632623774216694,0.366176,9.999997e-13,0.366176
16384,1.0,8358,28672,0.087456,0.13328,0.220736,239640576.0,8358.0,28672.0,268435456.0,16384.0,0.42462674586610977,0.220736,9.999997e-13,0.220736
32768,2.0,8358,28672,0.2088,0.1256,0.3344,239640576.0,8358.0,28672.0,1073741824.0,32768.0,0.5961235068740136,0.3344,9.999997e-13,0.3344
0,0.0,9552,32768,0.0,0.125312,0.125312,312999936.0,9552.0,32768.0,0.0,0.0,0.0,0.125312,9.999997e-13,0.125312
19968,78.0,26586,114688,0.015328,0.097184,0.112512,3049095168.0,26586.0,114688.0,398721024.0,19968.0,0.17659364333063945,0.112512,9.999997e-13,0.112512
17920,70.0,28485,122880,0.015552,0.085248,0.1008,3500236800.0,28485.0,122880.0,321126400.0,17920.0,0.15228315867311407,0.1008,9.999997e-13,0.1008
18176,71.0,28485,122880,0.016736,0.084896,0.101632,3500236800.0,28485.0,122880.0,330366976.0,18176.0,0.15412334109405773,0.101632,9.999997e-13,0.101632
15872,62.0,30384,131072,0.015552,0.084864,0.1004159999999999,3982491648.0,30384.0,131072.0,251920384.0,15872.0,0.1298026990343875,0.100416,9.999997e-13,0.100416
16128,63.0,30384,131072,0.015232,0.085408,0.10064,3982491648.0,30384.0,131072.0,260112384.0,16128.0,0.1316207308556849,0.10064,9.999997e-13,0.10064
16384,64.0,30384,131072,0.015424,0.088768,0.104192,3982491648.0,30384.0,131072.0,268435456.0,16384.0,0.13343118198526976,0.104192,9.999997e-13,0.104192
19968,78.0,26586,114688,0.017856,0.101536,0.119392,3049095168.0,26586.0,114688.0,398721024.0,19968.0,0.17659364333063945,0.119392,9.999997e-13,0.119392
17920,70.0,28485,122880,0.016608,0.084928,0.101536,3500236800.0,28485.0,122880.0,321126400.0,17920.0,0.15228315867311407,0.101536,9.999997e-13,0.101536
18176,71.0,28485,122880,0.016192,0.083872,0.100064,3500236800.0,28485.0,122880.0,330366976.0,18176.0,0.15412334109405773,0.100064,9.999997e-13,0.100064
15872,62.0,30384,131072,0.015328,0.085568,0.100896,3982491648.0,30384.0,131072.0,251920384.0,15872.0,0.1298026990343875,0.100896,9.999997e-13,0.100896
15360,30.0,15680,114688,0.011552,0.113632,0.125184,1798307840.0,15680.0,114688.0,235929600.0,15360.0,0.13212458758361834,0.125184,9.999997e-13,0.125184
13824,27.0,16800,122880,0.027232,0.079552,0.1067839999999999,2064384000.0,16800.0,122880.0,191102976.0,13824.0,0.11338153166803754,0.106784,9.999997e-13,0.106784
14336,28.0,16800,122880,0.025088,0.078944,0.104032,2064384000.0,16800.0,122880.0,205520896.0,14336.0,0.11708915330229347,0.104032,9.999997e-13,0.104032
12288,24.0,17920,131072,0.025536,0.108736,0.134272,2348810240.0,17920.0,131072.0,150994944.0,12288.0,0.09630446773303913,0.134272,9.999997e-13,0.134272
12800,25.0,17920,131072,0.02464,0.106848,0.131488,2348810240.0,17920.0,131072.0,163840000.0,12800.0,0.09991622145005559,0.131488,9.999997e-13,0.131488
15360,30.0,15680,114688,0.012,0.129568,0.141568,1798307840.0,15680.0,114688.0,235929600.0,15360.0,0.13212458758361834,0.141568,9.999997e-13,0.141568
13824,27.0,16800,122880,0.02688,0.080832,0.107712,2064384000.0,16800.0,122880.0,191102976.0,13824.0,0.11338153166803754,0.107712,9.999997e-13,0.107712
14336,28.0,16800,122880,0.025888,0.091808,0.117696,2064384000.0,16800.0,122880.0,205520896.0,14336.0,0.11708915330229347,0.117696,9.999997e-13,0.117696
12288,24.0,17920,131072,0.02384,0.117216,0.141056,2348810240.0,17920.0,131072.0,150994944.0,12288.0,0.09630446773303913,0.141056,9.999997e-13,0.141056
12800,25.0,17920,131072,0.022912,0.12304,0.145952,2348810240.0,17920.0,131072.0,163840000.0,12800.0,0.09991622145005559,0.145952,9.999997e-13,0.145952
18432,18.0,15764,114688,0.03904,0.117152,0.156192,1807941632.0,15764.0,114688.0,339738624.0,18432.0,0.15455185454116552,0.156192,9.999997e-13,0.156192
19456,19.0,15764,114688,0.023136,0.119808,0.142944,1807941632.0,15764.0,114688.0,378535936.0,19456.0,0.16174925494223172,0.142944,9.999997e-13,0.142944
20480,20.0,15764,114688,0.033408,0.118976,0.152384,1807941632.0,15764.0,114688.0,419430400.0,20480.0,0.16882514512657354,0.152384,9.999997e-13,0.152384
17408,17.0,16890,122880,0.053472,0.068064,0.121536,2075443200.0,16890.0,122880.0,303038464.0,17408.0,0.13877660441229805,0.121536,9.999997e-13,0.121536
18432,18.0,16890,122880,0.050208,0.08304,0.133248,2075443200.0,16890.0,122880.0,339738624.0,18432.0,0.1457501277412223,0.133248,9.999997e-13,0.133248
16384,16.0,18016,131072,0.049728,0.09536,0.145088,2361393152.0,18016.0,131072.0,268435456.0,16384.0,0.12448232559382262,0.145088,9.999997e-13,0.145088
18432,18.0,15764,114688,0.02672,0.113696,0.140416,1807941632.0,15764.0,114688.0,339738624.0,18432.0,0.15455185454116552,0.140416,9.999997e-13,0.140416
19456,19.0,15764,114688,0.044384,0.103552,0.147936,1807941632.0,15764.0,114688.0,378535936.0,19456.0,0.16174925494223172,0.147936,9.999997e-13,0.147936
17408,17.0,16890,122880,0.021376,0.113344,0.13472,2075443200.0,16890.0,122880.0,303038464.0,17408.0,0.13877660441229805,0.13472,9.999997e-13,0.13472
18432,18.0,16890,122880,0.017568,0.142688,0.160256,2075443200.0,16890.0,122880.0,339738624.0,18432.0,0.1457501277412223,0.160256,9.999997e-13,0.160256
24576,12.0,26264,114688,0.087264,0.1024,0.189664,3012165632.0,26264.0,114688.0,603979776.0,24576.0,0.20845871407669153,0.189664,9.999997e-13,0.189664
20480,10.0,28140,122880,0.08112,0.140992,0.222112,3457843200.0,28140.0,122880.0,419430400.0,20480.0,0.1700101317122593,0.222112,9.999997e-13,0.222112
22528,11.0,28140,122880,0.089216,0.082272,0.171488,3457843200.0,28140.0,122880.0,507510784.0,22528.0,0.1838849150212197,0.171488,9.999997e-13,0.171488
16384,8.0,30016,131072,0.0976,0.120768,0.218368,3934257152.0,30016.0,131072.0,268435456.0,16384.0,0.13316755727210197,0.218368,9.999997e-13,0.218368
18432,9.0,30016,131072,0.083936,0.087104,0.17104,3934257152.0,30016.0,131072.0,339738624.0,18432.0,0.14736054643031382,0.17104,9.999997e-13,0.17104
20480,10.0,30016,131072,0.075328,0.1064,0.181728,3934257152.0,30016.0,131072.0,419430400.0,20480.0,0.1610962481279041,0.181728,9.999997e-13,0.181728
24576,12.0,26264,114688,0.088288,0.118048,0.206336,3012165632.0,26264.0,114688.0,603979776.0,24576.0,0.20845871407669153,0.206336,9.999997e-13,0.206336
20480,10.0,28140,122880,0.100992,0.08304,0.184032,3457843200.0,28140.0,122880.0,419430400.0,20480.0,0.1700101317122593,0.184032,9.999997e-13,0.184032
22528,11.0,28140,122880,0.065664,0.175904,0.241568,3457843200.0,28140.0,122880.0,507510784.0,22528.0,0.1838849150212197,0.241568,9.999997e-13,0.241568
16384,8.0,30016,131072,0.094528,0.10944,0.2039679999999999,3934257152.0,30016.0,131072.0,268435456.0,16384.0,0.13316755727210197,0.203968,9.999997e-13,0.203968
24576,6.0,11774,114688,0.161472,0.089792,0.251264,1350336512.0,11774.0,114688.0,603979776.0,24576.0,0.19112471524187688,0.251264,9.999997e-13,0.251264
20480,5.0,12615,122880,0.17888,0.07968,0.25856,1550131200.0,12615.0,122880.0,419430400.0,20480.0,0.15524619747357565,0.25856,9.999997e-13,0.25856
24576,6.0,12615,122880,0.158816,0.044288,0.203104,1550131200.0,12615.0,122880.0,603979776.0,24576.0,0.1806852959414318,0.203104,9.999997e-13,0.203104
16384,4.0,13456,131072,0.201408,0.079616,0.281024,1763704832.0,13456.0,131072.0,268435456.0,16384.0,0.1211361289543912,0.281024,9.999997e-13,0.281024
20480,5.0,13456,131072,0.1752,0.048864,0.2240639999999999,1763704832.0,13456.0,131072.0,419430400.0,20480.0,0.14696933705163204,0.224064,9.999997e-13,0.224064
24576,6.0,13456,131072,0.123808,0.077216,0.201024,1763704832.0,13456.0,131072.0,603979776.0,24576.0,0.17132723444879272,0.201024,9.999997e-13,0.201024
24576,6.0,11774,114688,0.161856,0.090688,0.252544,1350336512.0,11774.0,114688.0,603979776.0,24576.0,0.19112471524187688,0.252544,9.999997e-13,0.252544
20480,5.0,12615,122880,0.193248,0.093888,0.287136,1550131200.0,12615.0,122880.0,419430400.0,20480.0,0.15524619747357565,0.287136,9.999997e-13,0.287136
24576,6.0,12615,122880,0.159296,0.04432,0.203616,1550131200.0,12615.0,122880.0,603979776.0,24576.0,0.1806852959414318,0.203616,9.999997e-13,0.203616
16384,4.0,13456,131072,0.199008,0.075456,0.274464,1763704832.0,13456.0,131072.0,268435456.0,16384.0,0.1211361289543912,0.274464,9.999997e-13,0.274464
16384,2.0,17724,114688,0.330432,0.096928,0.42736,2032730112.0,17724.0,114688.0,268435456.0,16384.0,0.14158258734768417,0.42736,9.999997e-13,0.42736
8192,1.0,18990,122880,0.157152,0.115168,0.27232,2333491200.0,18990.0,122880.0,67108864.0,8192.0,0.07146851244540493,0.27232,9.999997e-13,0.27232
16384,2.0,18990,122880,0.328192,0.058848,0.38704,2333491200.0,18990.0,122880.0,268435456.0,16384.0,0.13340291686648423,0.38704,9.999997e-13,0.38704
0,0.0,20256,131072,0.0,0.073024,0.073024,2654994432.0,20256.0,131072.0,0.0,0.0,0.0,0.073024,9.999997e-13,0.073024
8192,1.0,20256,131072,0.089664,0.145472,0.2351359999999999,2654994432.0,20256.0,131072.0,67108864.0,8192.0,0.06730235536896034,0.235136,9.999997e-13,0.235136
16384,2.0,20256,131072,0.332096,0.057024,0.38912,2654994432.0,20256.0,131072.0,268435456.0,16384.0,0.1261167560071472,0.38912,9.999997e-13,0.38912
16384,2.0,17724,114688,0.32848,0.058336,0.386816,2032730112.0,17724.0,114688.0,268435456.0,16384.0,0.14158258734768417,0.386816,9.999997e-13,0.386816
8192,1.0,18990,122880,0.157184,0.114272,0.271456,2333491200.0,18990.0,122880.0,67108864.0,8192.0,0.07146851244540493,0.271456,9.999997e-13,0.271456
16384,2.0,18990,122880,0.328096,0.057824,0.38592,2333491200.0,18990.0,122880.0,268435456.0,16384.0,0.13340291686648423,0.38592,9.999997e-13,0.38592
8192,1.0,20256,131072,0.089408,0.147552,0.23696,2654994432.0,20256.0,131072.0,67108864.0,8192.0,0.06730235536896034,0.23696,9.999997e-13,0.23696
32768,2.0,34482,114688,0.570624,0.105824,0.676448,3954671616.0,34482.0,114688.0,1073741824.0,32768.0,0.2709334553868842,0.676448,9.999997e-13,0.676448
16384,1.0,36945,122880,0.24528,0.156736,0.402016,4539801600.0,36945.0,122880.0,268435456.0,16384.0,0.14779110895346412,0.402016,9.999997e-13,0.402016
32768,2.0,36945,122880,0.564896,0.133792,0.698688,4539801600.0,36945.0,122880.0,1073741824.0,32768.0,0.2575226586102718,0.698688,9.999997e-13,0.698688
0,0.0,39408,131072,0.0,0.106816,0.106816,5165285376.0,39408.0,131072.0,0.0,0.0,0.0,0.106816,9.999997e-13,0.106816
16384,1.0,39408,131072,0.320928,0.108128,0.429056,5165285376.0,39408.0,131072.0,268435456.0,16384.0,0.13984591355934423,0.429056,9.999997e-13,0.429056
32768,2.0,39408,131072,0.573504,0.112864,0.686368,5165285376.0,39408.0,131072.0,1073741824.0,32768.0,0.24537687400686267,0.686368,9.999997e-13,0.686368
32768,2.0,34482,114688,0.563616,0.1048,0.668416,3954671616.0,34482.0,114688.0,1073741824.0,32768.0,0.2709334553868842,0.668416,9.999997e-13,0.668416
16384,1.0,36945,122880,0.245248,0.154848,0.400096,4539801600.0,36945.0,122880.0,268435456.0,16384.0,0.14779110895346412,0.400096,9.999997e-13,0.400096
32768,2.0,36945,122880,0.565536,0.105824,0.6713600000000001,4539801600.0,36945.0,122880.0,1073741824.0,32768.0,0.2575226586102718,0.67136,9.999997e-13,0.67136
0,0.0,39408,131072,0.0,0.106976,0.106976,5165285376.0,39408.0,131072.0,0.0,0.0,0.0,0.106976,9.999997e-13,0.106976
